m,x,y,z,vx,vy,vz
1.9884754159566474e+30,0.0,0.0,0.0,0.0,0.0,0.0
3.301109449002709e+23,-41646572925.4821,-53933852872.702545,-589120540.5481873,28689.87012380509,-27502.68157950672,-4878.693714559082
4.867466257521635e+24,85867685278.1227,65805003527.71457,-4048904997.676274,-21408.577743821566,27647.20658417075,1615.4095554862358
5.972365262433514e+24,-2117988288.712387,147133540603.15765,-10349405.05176707,-30266.394613752305,-531.6867427517532,-0.38012636243977577
7.346031390779777e+22,-2486870167.9326153,147295919071.00565,-38371067.86990344,-30671.102591261646,-1410.1597315238675,52.05354171030773
6.417120205436417e+23,-246481683320.05603,-8600683426.949694,5860214478.801548,1745.1037397198313,-22144.031758057103,-506.87657195452726
1.8981871943454438e+27,490753637407.81256,-581147155569.1665,-8562708687.532295,9832.079964872424,9048.202999445504,-257.5581010964593
5.683361026390224e+26,-74249896608.9736,1346078553895.0261,-20401998201.443474,-10161.811912899284,-546.7861262871158,414.34097669858323
8.681273407389496e+25,40663727514.44026,2844899353345.1924,9998455885.888296,-6853.394991055364,-214.48366682816243,87.77182051838527
1.0241261669693524e+26,4280568711705.9653,1262752179710.3396,-124779536614.58626,-1567.4746291429237,5253.583105065035,-72.35860962752771
0.0,-2449194984.9052196,147236799421.67322,-28978559.137736827,-36282.21427607554,11117.949800225513,-2206.1488875210243
0.0,-2322059588.878456,147199068390.20978,-21525481.786572874,-36192.83512587014,11238.074084925189,-2226.6936299013246
0.0,-2363028222.0049453,147211198925.47922,-23918750.539077584,-36231.60364821092,11187.597956175196,-2217.521726353975
0.0,-2432830301.120822,147231932737.4425,-28017810.33635015,-36274.73420333989,11128.45684866099,-2207.743471920999
0.0,-2411968364.731663,147225722961.61734,-26788715.508582223,-36263.95089531493,11143.514399062915,-2210.1143758547128
0.0,-2042038467.0563734,147108240484.93243,-3625775.850986622,-36725.57315521368,11268.011003881526,-2225.608940263736
0.0,-2714540781.5868497,147315936328.21933,-44691369.106796406,-36340.644932777985,10997.377227296876,-2191.20754998463
0.0,-2397278411.422559,147221349496.583,-25921992.7198285,-36255.414379240545,11155.332470780293,-2212.0407586241886
0.0,-2543698690.5123105,147264980265.94553,-34565684.685379304,-36308.83081028421,11067.84765048669,-2199.1883311136494
0.0,-2280162648.841327,147186715782.72736,-19092576.62091465,-36133.042165884704,11312.06798637096,-2241.1930083224934
0.0,-2640588071.390077,147293875208.80154,-40303557.79980971,-36329.195882404856,11024.022407340637,-2193.9285646121966
0.0,-2547512993.3598695,147266118640.49988,-34791861.14145221,-36309.71333665019,11065.848761724159,-2198.9283042993984
0.0,-2339880448.5049763,147204341079.7195,-22563857.46643717,-36211.44024365773,11214.146696413274,-2222.2670946937506
0.0,-2383730433.0065746,147217330775.7702,-25128112.531811964,-36246.715091461,11167.241183010357,-2214.025415531568
0.0,-2467854903.2584624,147242358883.2294,-30081042.275453232,-36289.66641077601,11107.290651999796,-2204.58265461055
0.0,-2422598128.9180226,147228888404.66733,-27414178.4028423,-36269.62813303986,11135.59836039477,-2208.8584677671834
0.0,-2263341644.3048897,147181781549.30536,-18125311.542817853,-36099.31506849771,11352.30652822331,-2249.5079212676324
0.0,-2075282804.04656,147119240613.5473,-5803852.3164930595,-36950.752206961944,11452.794206951943,-2271.5351221270494
0.0,-2463119303.8139668,147240947978.1417,-29802470.116409723,-36287.89110595138,11109.874898870832,-2204.9556075024584
0.0,-2362174560.2285275,147210945989.14606,-23868289.38265342,-36230.927477368765,11188.498464068462,-2217.6796584590393
0.0,-2332860526.9849133,147202255142.6419,-22152590.144871444,-36204.489265764714,11223.157837110453,-2223.918695592778
0.0,-2034892616.0373223,147105927093.43002,-3168957.3840745515,-36700.37920576662,11247.827710065585,-2220.7860417957063
0.0,-1991805521.6038833,147092146218.7854,-454683.5337134641,-36608.150101186926,11176.866048939191,-2203.7047912712596
0.0,-2634599647.1176386,147292098913.20245,-39954437.76973457,-36328.11747833299,11026.38205242297,-2194.183058190916
0.0,-2102413161.1157637,147128953967.27185,-7778719.427195178,-37830.94280661444,12149.75613143284,-2491.740881946597
0.0,-2569701847.6960845,147272731245.66742,-36102211.15418789,-36314.83298644534,11054.695166876427,-2197.514580209471
0.0,-2385658497.78457,147217916432.58002,-25245352.20324344,-36247.9909039331,11165.48817526904,-2213.72754831622
0.0,-2230634273.135808,147172255366.40634,-16263142.987003854,-36004.64141112997,11461.138668408264,-2273.329997134675
0.0,-2250697279.1204762,147178089560.0503,-17402480.39171846,-36068.28553096378,11388.571819752442,-2257.2383678050805
0.0,-1958894610.452758,147081757545.06223,1587967.1735498111,-36570.97057003846,11150.93795926379,-2197.0825816785587
0.0,-2136062685.9611247,147146223654.8643,-11642021.595001169,-33710.91584078685,13283.994202846703,-2985.320693490621
0.0,-2389322005.1875134,147218987789.10516,-25455009.647857312,-36250.40955976762,11162.201157758196,-2213.180439687153
0.0,-2379922154.9237,147216207035.80994,-24906071.38295781,-36244.10670228831,11170.778012482893,-2214.624014219576
0.0,-2089725031.8813896,147124248663.10706,-6805872.103940626,-37209.72296743408,11665.43307866238,-2330.118559748682
0.0,-2383205656.1281486,147217185173.14188,-25100461.054644343,-36246.350432750565,11167.725859806133,-2214.1046264994534
0.0,-2321499524.1846375,147198898029.1926,-21490181.915250245,-36192.20647193556,11238.881240606675,-2226.8493971674247
0.0,-2654710371.8725586,147298095273.3158,-41143196.842952,-36331.62988904416,11018.59876951326,-2193.343637292555
0.0,-2502739592.629429,147252760741.45715,-32143242.51242567,-36299.803981471065,11089.666081312775,-2202.1122563090594
0.0,-2211456513.9329886,147166710367.39362,-15188278.623309193,-35917.999679185676,11556.75101524574,-2295.695702315974
0.0,-1894620291.8426924,147061623169.46527,5543745.596631824,-36529.647935530855,11126.875281850133,-2189.9080468484835
0.0,-2145649947.8554754,147148524625.28122,-11879653.189089991,-34665.58324256914,12675.56227428395,-2663.826248530995
0.0,-2105626525.7889285,147130244614.86295,-8057159.776907341,-38194.37026433501,12409.553593261968,-2598.1190714567747
0.0,-2682368214.8326197,147306338040.29865,-42781472.357927226,-36336.0448982902,11008.467932552523,-2192.295536335036
0.0,-2227551620.952589,147171361927.82526,-16090297.085862102,-35992.776329462205,11474.434046704931,-2276.354543290459
0.0,-2452590456.8271346,147237814063.10062,-29181590.767128635,-36283.655502858586,11115.913657534289,-2205.842408953074
0.0,-2428637114.7870846,147230681139.02115,-27768584.64197716,-36272.68602780702,11131.32758563662,-2208.190424788104
0.0,-2322745940.355944,147199274563.39575,-21566442.603554506,-36193.605861486925,11237.087487324916,-2226.5075835949683
0.0,-2051949744.129714,147111472453.166,-4262593.411172756,-36769.3600129319,11303.490935451744,-2234.1539125507957
0.0,-2301555260.807888,147193018111.97955,-20333439.51866002,-36166.97268240103,11270.555042565868,-2232.9189383109338
0.0,-2210286669.77656,147166369978.0228,-15120796.80724439,-35911.56310260942,11563.743246396987,-2297.4032113077556
0.0,-2572891372.5354447,147273691958.22537,-36295188.54348344,-36315.54910329261,11053.161535400643,-2197.321869591411
0.0,-2753987397.8973317,147327698641.11285,-47034562.81147579,-36345.6233786115,10984.616675699262,-2190.0339085831206
0.0,-2691865836.90186,147309175389.7982,-43347955.40239654,-36337.45699793341,11005.123786192686,-2191.9580380616326
0.0,-2434683812.185394,147232484745.81442,-28126305.682579555,-36275.62296608988,11127.210940812567,-2207.5519528298128
0.0,-2409326067.3942456,147224939087.79807,-26632927.013652902,-36262.47501772997,11145.561466093664,-2210.446017008419
0.0,-2241578435.954918,147175433912.6913,-16883482.704078387,-36041.93942458555,11418.885694098646,-2263.860282356556
0.0,-2030116358.8207655,147104385363.2684,-2865631.770640574,-36685.78250906581,11236.243740482827,-2218.0188679976122
0.0,-2252724029.0987644,147178682462.91278,-17519114.76042119,-36073.647229292415,11382.344856346355,-2255.8913644701443
0.0,-2190954900.481003,147160856915.50305,-14063554.76176669,-35774.030809482014,11708.867659521758,-2333.9751076103253
0.0,-2372611562.882307,147214037003.3143,-24479650.216073737,-36238.89752441934,11177.824781005951,-2215.8242102116487
0.0,-2533462880.3244514,147261927350.15308,-33961053.516131036,-36306.4899349873,11073.30973850864,-2199.904166730444
0.0,-2098412058.7954173,147127425093.00742,-7456471.757728339,-37547.971872642964,11934.535507489252,-2414.667377353069
0.0,-2029410306.05164,147104158182.19217,-2820503.9692403395,-36683.7569202471,11234.641369524357,-2217.638017116277
0.0,-2276286280.482397,147185577224.68054,-18869342.206457876,-36125.90799576252,11320.656441797068,-2242.9425477183295
0.0,-2015974564.937369,147099841969.84192,-1969377.0130218032,-36650.446905898105,11208.651764829528,-2211.425379921444
0.0,-1869133895.3605921,147053682083.58817,7103051.74171508,-36519.12443547883,11122.29661703359,-2188.1105120330167
0.0,-2309504694.732982,147195362314.85962,-20795339.408482794,-36177.65428356181,11257.239698528572,-2230.3389109042437
0.0,-2037220384.4305553,147106682853.74112,-3319332.863474415,-36708.11711403416,11253.992116455547,-2222.253595163487
0.0,-2230701745.6357355,147172275268.2107,-16267341.745655846,-36004.89201388877,11460.855518964558,-2273.263145134894
0.0,-1915716376.9956093,147068215440.5075,4248997.8787849415,-36540.34664635384,11132.34393617549,-2191.746710134677
0.0,-1940142452.727104,147075863540.29883,2746205.3289993354,-36555.8646426437,11141.332575145889,-2194.4373137417597
0.0,-2087786491.8503191,147123567665.18518,-6669160.656387249,-37160.879470061365,11625.522459458663,-2318.5947455385863
0.0,-2503049685.217372,147252863002.1872,-32162708.346042003,-36299.86859341292,11089.507487933683,-2202.0916178070415
0.0,-2298971876.7999682,147192253312.19052,-20182347.94773271,-36163.306833628936,11275.101852032116,-2233.8084950159396
0.0,-2227965131.5312715,147171472842.37537,-16111238.456485175,-35994.451682297426,11472.59867119272,-2275.938760973969
0.0,-1831541486.9280965,147041989881.3853,9394621.067102766,-36506.9966668661,11118.41747746608,-2186.053618370822
0.0,-2190544128.6853437,147160742892.0521,-14042510.6055762,-35770.273316940846,11712.716654292091,-2334.974821931713
0.0,-2494916863.120767,147250430685.71655,-31681344.735088766,-36297.962040848244,11093.595247097055,-2202.652525892566
0.0,-2141983955.0229843,147147614290.95074,-11762376.143212445,-34388.74652235418,12870.771458086796,-2754.040408114786
0.0,-2319024072.2733064,147198165661.82156,-21346653.30729491,-36189.3484776893,11242.513008989632,-2227.532555864275
0.0,-2244736904.278805,147176350733.69067,-17061060.371634033,-36051.507739075976,11407.929509861757,-2261.45996640959
0.0,-2169845630.1765323,147154943512.25708,-12957788.83884141,-35503.73231507644,11975.749591938462,-2409.1016010575745
0.0,-2471390706.8568177,147243420972.32382,-30292226.375905436,-36290.92780861007,11105.417399374104,-2204.3131175278845
0.0,-2306833728.0135775,147194571232.7143,-20637773.05990591,-36174.17274232674,11261.598444267369,-2231.183748352729
0.0,-2353650412.7545075,147208415005.35315,-23366945.85857503,-36223.91275268161,11197.809986281616,-2219.3281075356153
0.0,-2534803693.381947,147262327224.3887,-34039271.34511111,-36306.79328573603,11072.587204751251,-2199.810018548231
0.0,-1999729850.7157674,147094670132.39896,-951623.3990752071,-36620.153667278544,11185.690362640693,-2205.873979301776
0.0,-2360376918.6334558,147210408614.9978,-23761741.633841928,-36229.492684368975,11190.414838212826,-2218.0172214649137
0.0,-1982447693.947923,147089188151.4927,126535.05193221701,-36595.77329814767,11167.954991502282,-2201.4821664542396
0.0,-2291793525.5842333,147190139406.44446,-19766273.13285907,-36152.52745180135,11288.36861089275,-2236.428577010893
0.0,-2287698223.1392527,147188935440.5238,-19530058.36095735,-36145.965591523796,11296.386456741398,-2238.0253367204614
0.0,-2315112124.3399467,147197014982.579,-21120657.798286747,-36184.676006376845,11248.415460758099,-2228.6506268240855
0.0,-2436368989.0969763,147232985656.76196,-28225617.936537612,-36276.42191676099,11126.09188820719,-2207.3796106183727
0.0,-2187362399.801419,147159843595.58478,-13871633.022063252,-35739.83247881856,11743.889106702982,-2343.237442448684
0.0,-2557975709.812126,147269242944.854,-35411643.13497093,-36312.138377063246,11060.48513507252,-2198.240712136242
0.0,-2208058146.8466682,147165731842.68713,-14996973.436161436,-35898.75969273309,11577.548874976104,-2300.7646822859733
0.0,-2228417330.7288046,147171609705.44296,-16137986.85319657,-35996.1916615742,11470.626004252823,-2275.4865341552245
0.0,-2723749346.794261,147318679163.32477,-45238323.16465645,-36341.86895992546,10994.323026732733,-2190.9174428149677
0.0,-2275607599.1907144,147185391367.44534,-18833467.883043658,-36124.588051984996,11322.207829135159,-2243.2591095116672
0.0,-2400558450.041502,147222335090.864,-26118940.994179677,-36257.386205038565,11152.603752027844,-2211.5882946949027
0.0,-2183197354.6757636,147158665298.26215,-13647553.184640132,-35695.473827090216,11788.809293657161,-2355.4179902621854
0.0,-1904695445.3527005,147064781889.08896,4921141.700860893,-36534.50060542599,11129.262833462191,-2190.7365839337012
0.0,-2468049398.5214353,147242423299.41684,-30095050.531627163,-36289.733124481,11107.188648814401,-2204.56690632553
0.0,-2623197655.8763766,147288690813.02277,-39274785.099381454,-36326.00695756485,11030.97111413768,-2194.696744458017
0.0,-1971350733.5504181,147085682535.10275,816752.607820291,-36583.109008416555,11159.104820540346,-2199.228012975388
0.0,-2293521232.36816,147190647119.1439,-19865063.590859618,-36155.20485530912,11285.086010024625,-2235.7805622205065
0.0,-2452817050.0251007,147237881336.16098,-29195375.02250372,-36283.750913177675,11115.778541728407,-2205.8213247151602
0.0,-2301803678.2862844,147193089030.6334,-20346563.50179842,-36167.32525017991,11270.122075191404,-2232.836034118591
0.0,-2053164522.1217256,147111875407.97348,-4343791.717555841,-36775.65300250228,11308.604708345305,-2235.3868063290165
0.0,-2180880756.295078,147158020700.3432,-13527177.94594773,-35668.08339013997,11816.14498108124,-2362.936655158917
0.0,-2486445974.217019,147247906536.24918,-31180217.04263957,-36295.71541098337,11097.78312992657,-2203.2355570265754
0.0,-2471774351.9715285,147243534235.57513,-30314523.09807305,-36291.06323789737,11105.214777322553,-2204.283722934345
0.0,-2071049148.762189,147117814372.1816,-5518776.10036043,-36904.739725956,11414.738865228099,-2261.7561154342193
0.0,-2246095207.6928263,147176745528.75616,-17138278.13383543,-36055.47398452077,11403.373368699606,-2260.4624758225104
0.0,-2413314054.0676594,147226128456.8663,-26868352.6935949,-36264.68818835612,11142.482765090337,-2209.950772897606
0.0,-2070152129.1704674,147117505706.4485,-5458214.357096145,-36895.953232742104,11407.535093606832,-2259.9160402996868
0.0,-2338962645.466393,147204069863.39554,-22511620.733494207,-36210.553805178075,11215.297870940822,-2222.473983263264
0.0,-2107396104.0526843,147130974174.70212,-8223497.581531033,-38490.36901463186,12608.298167338684,-2690.252261335117
0.0,-2236435829.18972,147173941452.05026,-16592539.625857905,-36025.26800775683,11437.853804101804,-2268.0747835614216
0.0,-2009045684.9543421,147097633242.23978,-1533879.4018002052,-36636.4413761413,11197.932982550657,-2208.847399574086
0.0,-2101818746.5974712,147128719396.077,-7728664.416399057,-37779.7081527071,12111.753363953441,-2477.449949853889
0.0,-2434493122.6166015,147232421160.1437,-28113944.9034974,-36275.53665067623,11127.338654123443,-2207.5712137737555
0.0,-2387378212.023805,147218412817.87527,-25342220.632956948,-36249.14011111847,11163.936300093384,-2213.4692498533836
0.0,-2602276231.8368244,147282451650.7266,-38034388.5739561,-36321.88214517276,11039.780267228372,-2195.709508883141
0.0,-2485446213.8292837,147247609837.04294,-31121813.302510474,-36295.42920954314,11098.277295881322,-2203.3040590670735
0.0,-2241658022.7706885,147175450197.2174,-16884030.507868454,-36042.21668510412,11418.590187919284,-2263.8141511473123
0.0,-1926909018.3139825,147071716824.07217,3560728.2751879785,-36546.97039680741,11136.050102279203,-2192.891260259533
0.0,-1988024762.2917614,147090955342.06085,-222245.0885437782,-36602.94346667958,11173.088139445825,-2202.7650935235147
0.0,-2230753799.457443,147172284222.191,-16267594.645499285,-36005.117073835594,11460.627383075805,-2273.2228082942947
0.0,-2326187754.678536,147200281631.70566,-21761717.287089113,-36197.439318505705,11232.209873301083,-2225.60399799803
0.0,-2062002175.8309546,147114790878.23788,-4919585.12944057,-36829.308775787,11352.563863532416,-2246.152085010444
0.0,-2148784755.8112063,147149317380.2096,-11995215.026319189,-34850.15138534123,12536.293301555253,-2605.205461517001
0.0,-2483719757.794263,147247101183.71902,-31021546.536902566,-36294.921869223195,11099.134286382823,-2203.4228042582176
0.0,-2392611197.782274,147219975038.96942,-25652717.06274339,-36252.50100407472,11159.325934500011,-2212.6968833724204
0.0,-2142475685.0426478,147147736494.47723,-11776772.178388812,-34430.55921338974,12842.237706017073,-2740.27060594649
0.0,-2204870583.4704657,147164822742.00726,-14822812.637158282,-35879.26510464153,11598.43461215767,-2305.8741206760214
0.0,-2164593519.2477417,147153512499.6836,-12698028.9490865,-35397.142984774764,12074.801281109754,-2439.8119961033776
0.0,-2199963601.644337,147163414203.8287,-14551866.771053946,-35846.35097419587,11633.445604497696,-2314.601708764483
0.0,-2501791308.3037486,147252492657.54376,-32091015.581501693,-36299.582133969925,11090.14873038558,-2202.1766560022866
0.0,-2575403048.9449997,147274437503.50815,-36444211.05618623,-36316.11379156853,11051.967814031937,-2197.173595571412
0.0,-2086658517.3213756,147123166399.85822,-6588484.179449094,-37135.060310773275,11604.489477093372,-2312.6196725469254
0.0,-2284995418.2423644,147188137191.8669,-19373385.9403513,-36141.46843636868,11301.865064445377,-2239.12466362308
0.0,-2361635174.6077266,147210781166.8749,-23835865.720186207,-36230.503264591905,11189.070263395493,-2217.7798734386097
0.0,-2444400052.736302,147235378708.74823,-28699728.45983931,-36280.10495110461,11120.917157920283,-2206.592698143434
0.0,-2402688302.7023597,147222971486.00116,-26245959.153876685,-36258.64637883642,11150.86025214056,-2211.301650182441
0.0,-2278663344.2768807,147186282070.4209,-19009444.277202897,-36130.305945927605,11315.352010754308,-2241.8525860912405
0.0,-2415564073.8999467,147226793455.8692,-27001477.177864153,-36265.9155658721,11140.780302009323,-2209.6748026253595
0.0,-2365805070.397304,147212022953.10095,-24081543.318675473,-36233.772350649124,11184.699394478776,-2217.014544000805
0.0,-2480867485.2075825,147246247428.89053,-30852372.67865398,-36294.05989071134,11100.560059572288,-2203.6232257821807
0.0,-3000351595.733618,147401107658.4587,-61684890.04035791,-36366.21414572084,10917.626494155007,-2185.163307036238
0.0,-2102748176.9248002,147129091613.69263,-7808151.4658733,-37861.98162486397,12172.284920952021,-2500.3930848799255
0.0,-2076467179.2596488,147119650510.48166,-5885113.539513508,-36965.36858563539,11464.794869990934,-2274.6698103492918
0.0,-2388022487.9149985,147218609775.28452,-25381944.755405873,-36249.55628613154,11163.360895855534,-2213.371300663001
0.0,-2250949169.142217,147178164788.54153,-17416037.12634018,-36068.957070443175,11387.78581564111,-2257.074765924478
0.0,-2345905147.4617376,147206124844.1345,-22916413.2936239,-36217.077731542624,11206.792832903155,-2220.9325493634174
0.0,-2573985456.9356704,147274012895.2731,-36359060.813921146,-36315.797414377936,11052.640269663807,-2197.257006990271
0.0,-2263085447.131223,147181714842.63144,-18112485.69198079,-36098.71564653635,11352.990836055005,-2249.650583713547
0.0,-2511926824.2723975,147255509925.24042,-32687041.181499593,-36301.7986476732,11084.899471361146,-2201.462427897711
0.0,-2684298325.3885374,147306911120.79736,-42895876.230188616,-36336.337054112424,11007.783378451883,-2192.2259465143097
0.0,-2244658543.9612484,147176330416.6876,-17059720.1085527,-36051.26410850732,11408.20346977007,-2261.502818161487
0.0,-2273977473.7845244,147184905252.021,-18739266.829442367,-36121.4734993875,11325.959810677841,-2244.023340892996
0.0,-1947440873.5043721,147078161490.9051,2293706.8488111254,-36561.3573922436,11144.74016361197,-2195.393944344268
0.0,-2353223102.907416,147208291792.01184,-23343090.294937987,-36223.54299845454,11198.294044808805,-2219.4132823637733
0.0,-2309673489.1629148,147195405504.66797,-20803336.90796409,-36177.883849284626,11256.963707490799,-2230.2863258530024
0.0,-2254372365.5210934,147179166555.5436,-17614614.78811498,-36077.88313017962,11377.40894841832,-2254.827636418138
0.0,-2223500797.442644,147170177413.21573,-15857886.127514843,-35976.18926380455,11492.957267620754,-2280.6418658989523
0.0,-2217628294.0724816,147168490763.90625,-15530917.220662856,-35949.56214262123,11522.298660816221,-2287.503821425037
0.0,-2261123885.4782367,147181135896.2288,-17998844.326301757,-36094.2629340854,11358.249188854294,-2250.7590036774923
0.0,-2393406521.991212,147220211595.12756,-25698750.87851836,-36253.002597217455,11158.635976527492,-2212.5827358375345
0.0,-2147962978.8120675,147149115335.05383,-11965475.711038435,-34805.191068587934,12570.690703059217,-2619.2714785953995
0.0,-2159078451.4187975,147152025359.3403,-12437154.35386651,-35255.10393787725,12201.970306828553,-2481.501351382666
0.0,-1897373242.050572,147062486571.5795,5372498.360371406,-36530.93012800612,11127.491976708186,-2190.1261949486675
0.0,-2008146063.1248624,147097345730.0457,-1479229.6267690558,-36634.74879083241,11196.652067294868,-2208.534163388153
0.0,-2061062259.9135528,147114475005.07745,-4857355.152233601,-36822.80030035394,11347.23683470844,-2244.835124668113
0.0,-2388238702.697638,147218675437.23657,-25395756.5798914,-36249.69621219889,11163.167278560251,-2213.3374644368137
0.0,-2338987999.473189,147204076100.2754,-22512132.533510834,-36210.58096848176,11215.263044407006,-2222.4694922977415
0.0,-2425990540.7954965,147229902351.7158,-27615635.396062598,-36271.355012104024,11133.181772896583,-2208.478228903823
0.0,-2218051896.68684,147168610690.6185,-15555258.938309867,-35951.59682950646,11520.076621028753,-2286.96778871066
0.0,-2262354881.1162453,147181487897.16556,-18066487.436630823,-36097.10664753315,11354.923205032665,-2250.0640625639135
0.0,-2004394537.3798661,147096149119.86392,-1242826.7424339568,-36627.975763501294,11191.543061188951,-2207.2985764903174
0.0,-2333855671.4187665,147202554075.21964,-22212254.15805923,-36205.4966991618,11221.851698312796,-2223.6763757673443
0.0,-2245469466.3722105,147176564995.843,-17102898.134423483,-36053.652385470865,11405.46215072472,-2260.9203644007735
0.0,-2288476995.9374294,147189167826.33206,-19575822.35883037,-36147.23022234558,11294.836064533585,-2237.715831360792
0.0,-2360425375.1017413,147210423691.40985,-23763408.740061447,-36229.53140155385,11190.36173612464,-2218.010747113079
0.0,-2076255103.1424348,147119571709.91492,-5869049.800068699,-36962.63099362791,11462.599470760122,-2274.09725494259
0.0,-2035537670.3941774,147106132812.74686,-3209664.1837649914,-36702.47026124459,11249.500143473362,-2221.183978632907
0.0,-2512224619.6662574,147255598316.57285,-32705097.453392208,-36301.8623767077,11084.742339824923,-2201.440348372331
0.0,-2130462704.6063418,147145039096.87183,-11678954.64265496,-32550.93449386484,13807.633027440606,-3411.6905472947574
0.0,-2210132588.2837396,147166327333.36243,-15113439.450658873,-35910.68592013744,11564.684126887529,-2297.621300953072
0.0,-2432358324.033389,147231789915.7954,-27988677.69584881,-36274.50815159019,11128.775223931387,-2207.7935482068297
0.0,-2338768462.1838284,147204006543.3227,-22498349.130322076,-36210.37417442395,11215.539174088302,-2222.5199537957865
0.0,-2306697221.3941483,147194526091.927,-20628652.672319762,-36174.000706471874,11261.822654483154,-2231.2284377517535
0.0,-2668905659.584664,147302319228.38745,-41983571.77069933,-36333.95505701926,11013.324050970636,-2192.7902511191032
0.0,-2353670208.693687,147208418217.1029,-23368898.65002459,-36223.931643627635,11197.790835482412,-2219.3222929449876
0.0,-2392459992.415146,147219930619.31754,-25643193.760090414,-36252.40553388785,11159.455644132642,-2212.718133354914
0.0,-2373469914.599506,147214292193.7598,-24528264.652758338,-36239.52442444908,11176.977744020442,-2215.6826805407472
0.0,-2193069231.4469976,147161454142.4368,-14176575.653896766,-35792.60753728904,11689.679055580556,-2328.981000119349
0.0,-2404521636.2527623,147223508165.60083,-26350294.114489943,-36259.727602637526,11149.372261892595,-2211.062004145129
0.0,-2744180294.326857,147324773398.498,-46451154.52264411,-36344.44778063431,10987.711887566846,-2190.311042039067
0.0,-2349267992.1876373,147207116129.15787,-23110755.254017644,-36220.105473480915,11202.82615271028,-2220.22282424824
0.0,-2152611138.382825,147150309967.81445,-12149374.185066719,-35029.403483327114,12393.283309969127,-2549.6904150983655
0.0,-2304944355.13451,147194011859.2799,-20527592.55872798,-36171.649216857026,11264.749514429192,-2231.7945343684646
0.0,-2413892105.4462023,147226296422.63263,-26901763.587596297,-36265.007671926,11142.042650802854,-2209.879627118035
0.0,-2540136697.4781246,147263917590.44196,-34354982.774994195,-36308.010147791465,11069.734463913914,-2199.435066059754
0.0,-2618327641.202485,147287237515.72696,-38985840.95923997,-36325.07569828619,11032.975822837663,-2194.9246072612523
0.0,-2438845073.4542294,147233713765.07877,-28367767.611180887,-36277.586407011964,11124.464524052853,-2207.1340367808148
0.0,-2145706603.393476,147148537535.9722,-11880861.7633397,-34669.37210065526,12672.820481556186,-2662.692535610801
0.0,-2634908395.3674564,147292184505.09357,-39968692.63224549,-36328.17667828539,11026.257485895008,-2194.1721621798133
0.0,-2499145433.3941813,147251688991.7451,-31929322.220443632,-36298.982152756245,11091.47941358708,-2202.3633833320364
0.0,-2399548230.844111,147222043105.86374,-26062244.41752161,-36256.77216176394,11153.443212721177,-2211.7242055137767
0.0,-2221204817.940725,147169520177.90552,-15731679.724662375,-35966.12680394071,11504.073305317765,-2283.214173120233
0.0,-2359723206.0221157,147210213864.98044,-23723396.89605679,-36228.964843115544,11191.118201494499,-2218.1408975006943
0.0,-2321996424.694563,147199046323.37015,-21519393.092512853,-36192.76970655435,11238.162104825395,-2226.7147933787637
0.0,-2247915823.9154425,147177276967.36563,-17243044.254735805,-36060.65184704178,11397.403027563994,-2259.1558938510125
0.0,-2418309934.0682597,147227608142.92847,-27161038.309239898,-36267.38770345825,11138.730163881002,-2209.352978079116
0.0,-1786528440.1259112,147028010973.25095,12137586.2920239,-36496.07776557656,11116.811884102617,-2184.2177827907108
0.0,-2217031230.440417,147168315932.60565,-15496962.676439583,-35946.697212859915,11525.455421281958,-2288.250147614839
0.0,-2264149113.2623944,147182019759.88113,-18170528.466070365,-36101.108300514825,11350.18355197848,-2249.068206030078
0.0,-2055464592.378683,147112633074.57852,-4491488.560047053,-36788.19016922184,11318.834666457169,-2237.883953080049
0.0,-2188221550.162175,147160082604.4434,-13917446.723206095,-35748.36860148316,11735.211094613831,-2340.9122872810535
0.0,-2494261009.1562567,147250240157.78064,-31644738.422901325,-36297.795678211114,11093.92194149729,-2202.6967017180227
0.0,-2082866172.9545107,147121842759.415,-6322355.166109698,-37060.5286757088,11543.32644669455,-2295.6548219984247
0.0,-1999976071.8091738,147094743528.40024,-966710.5278715927,-36620.54453614462,11185.99012556803,-2205.9458410626216
0.0,-2517341305.1699295,147257120357.6674,-33007215.975611262,-36302.95464501012,11082.020178403212,-2201.0716294125214
0.0,-2634423725.669705,147292041336.85052,-39940022.5925973,-36328.08825170359,11026.449872824887,-2194.192211166665
0.0,-2296592891.005199,147191545819.72342,-20044171.049817633,-36159.8429219904,11279.393920836135,-2234.6478658707374
0.0,-2381768571.3113623,147216745883.0422,-25012042.263768043,-36245.38619516428,11169.05247549703,-2214.333388126373
0.0,-2509490979.73133,147254776091.54422,-32540443.049618486,-36301.28196229496,11086.177558158592,-2201.638132434228
0.0,-2491710375.917908,147249469280.24374,-31488383.162697274,-36297.151790675314,11095.176956847847,-2202.874932841913
0.0,-2036172472.2952793,147106335919.6723,-3249699.203282224,-36704.56141524598,11251.171557687187,-2221.5831663335002
0.0,-2265661500.8219547,147182466909.21616,-18259683.120286252,-36104.40830452849,11346.27100688861,-2248.2418806482665
0.0,-2523118576.210052,147258841528.52115,-33348717.90611697,-36304.20011996233,11078.904213727405,-2200.649735264307
0.0,-2078737875.1316156,147120427926.98303,-6040089.661060362,-36995.685566977794,11489.800944121915,-2281.2566981024065
0.0,-2525227564.7221766,147259473377.21722,-33473767.479026366,-36304.65767413639,11077.764652665139,-2200.498518808074
0.0,-2315313645.7264957,147197082259.88013,-21135641.16765226,-36184.907330983704,11248.109533977344,-2228.58720893979
0.0,-2221843778.769351,147169706959.68307,-15767398.665947173,-35968.95214031717,11500.935427074106,-2282.4881897655855
0.0,-2000219997.3084419,147094819338.64545,-980717.488990044,-36620.93856172321,11186.282712852317,-2206.018128279327
0.0,-2185338783.550754,147159277714.9818,-13764672.271555172,-35718.8885881695,11765.1097812053,-2348.9395448174264
0.0,-2508335010.029796,147254428726.75226,-32472609.147000477,-36301.03421851172,11086.781923494402,-2201.719702750687
0.0,-2611584581.524383,147285222435.17056,-38584815.64784142,-36323.758819281735,11035.79734748702,-2195.247760933298
0.0,-2366593460.3022523,147212252093.13364,-24127618.36389166,-36234.38439885602,11183.886683495284,-2216.871971081106
0.0,-2297031368.0151105,147191680480.94614,-20068574.88133875,-36160.48107223531,11278.593076559602,-2234.49887326827
0.0,-2174210603.801015,147156162020.4823,-13179500.418286273,-35576.518413904974,11905.96630363174,-2388.515214667691
0.0,-2895271506.0650244,147369816203.60556,-55432587.0572934,-36359.124195024684,10944.174535737764,-2186.8498893911656
0.0,-2236959965.7359066,147174088508.1817,-16620782.808525238,-36027.05578297843,11435.844713050663,-2267.6283644075324
0.0,-2367507792.9121747,147212520398.51016,-24177466.407535594,-36235.087925515836,11182.946603731656,-2216.7153271866864
0.0,-2152514911.611438,147150285292.73016,-12147652.667719066,-35025.33883595078,12396.61673523242,-2550.7444291444817
0.0,-2605178259.0478287,147283316734.41205,-38206465.93006721,-36322.4734514911,11038.527152360768,-2195.5632240051127
0.0,-2745849200.363963,147325270812.21814,-46550602.15285737,-36344.651442776056,10987.179369579408,-2190.262596817716
0.0,-2411662399.794757,147225642801.6854,-26774159.940841664,-36263.7721346733,11143.75203515698,-2210.1509538143982
0.0,-2288999441.5630727,147189319467.45523,-19604783.753994133,-36148.081896273725,11293.800642572334,-2237.5113714017943
0.0,-2384890171.1488557,147217677944.1937,-25199141.25706504,-36247.48928286363,11166.184440454355,-2213.842734876769
0.0,-2231574207.2867217,147172514658.32327,-16313440.77728941,-36008.192119514795,11457.200997582133,-2272.4364485726433
0.0,-2238966363.6015644,147174671497.87933,-16734642.76429121,-36033.667527668025,11428.330734099747,-2265.9533710726573
0.0,-2307006283.5734663,147194622440.39404,-20648891.525504537,-36174.39994636619,11261.314895968233,-2231.1252164924613
0.0,-2063013703.3118546,147115124456.09512,-4985657.897890831,-36836.51512620619,11358.503591396284,-2247.622342919891
0.0,-2494631927.9188843,147250353154.1136,-31666310.85350112,-36297.88739775319,11093.73675076876,-2202.672562878871
0.0,-2665737163.6481075,147301382831.97556,-41799287.07972019,-36333.444119803775,11014.487968364736,-2192.9089443535745
0.0,-2043274549.4803398,147108647107.14703,-3706935.4361913106,-36730.43022650698,11271.905716439654,-2226.53900175772
0.0,-2236706315.3831153,147174005721.24173,-16604691.683256738,-36026.24264991795,11436.803073933612,-2267.8409479532374
0.0,-2197128923.1149297,147162604168.82874,-14396463.826440103,-35825.43328837632,11655.478378308642,-2320.18262521583
0.0,-2386137158.6114345,147218046737.34772,-25269947.95184703,-36248.320952236805,11165.05013859244,-2213.655587011878
0.0,-2149549889.92673,147149508168.02985,-12023432.246930692,-34889.802795439326,12505.50350371759,-2592.897122995062
0.0,-2204030525.877013,147164583064.34427,-14777491.500534285,-35873.88480616583,11604.175533838137,-2307.283337999732
0.0,-2304535709.550977,147193897893.4273,-20506361.58453589,-36171.082038955545,11265.445838945983,-2231.9250911713143
0.0,-2501533606.5929065,147252404396.11682,-32071682.8666865,-36299.530221784466,11090.277046236348,-2202.1971748050405
0.0,-2013930295.2314405,147099191790.3232,-1841561.4518424398,-36646.12845351899,11205.325664310463,-2210.626110218728
0.0,-2153440298.22162,147150537055.95547,-12188051.511263188,-35062.682293630496,12365.640591147681,-2539.318337137704
0.0,-2325007509.7600493,147199940865.12933,-21696930.66692846,-36196.13137219589,11233.869587048008,-2225.906532027969
0.0,-2184640888.788684,147159071047.36853,-13724063.653087044,-35711.51486258572,11772.657836703373,-2351.0152098594945
0.0,-2168611183.882918,147154609645.53503,-12896199.106895551,-35480.64512610083,11997.419075881848,-2415.711080913629
0.0,-2166944598.5022364,147154155262.93573,-12815374.135122357,-35447.661725525875,12028.199290971117,-2425.115615388425
0.0,-2360942119.0942335,147210578940.02545,-23796131.346440125,-36229.94407613257,11189.811064965746,-2217.9093355174396
0.0,-2168790095.7180943,147154659625.46854,-12905302.3733195,-35484.03094880257,11994.22516642818,-2414.737758135284
0.0,-2194641064.892333,147161906061.979,-14262899.840243956,-35805.66905005892,11676.061389171065,-2325.4604707301287
0.0,-2512893311.0688896,147255790636.01108,-32743842.690621033,-36302.00837304777,11084.389794484268,-2201.393184789835
0.0,-2242719354.9331493,147175762705.07715,-16947321.5607331,-36045.46060737901,11414.868909664043,-2262.977254757299
0.0,-2301106105.150978,147192880393.69135,-20305536.778509077,-36166.35239286951,11271.334511691346,-2233.071929401149
0.0,-2201220013.9369345,147163775765.26987,-14621378.618876008,-35855.14210357212,11624.125870055768,-2312.2606844310358
0.0,-2611954605.280469,147285335391.33215,-38607319.68112968,-36323.83160084137,11035.638955231403,-2195.229160339814
0.0,-2013707537.6301663,147099117176.38092,-1826767.9700665104,-36645.66057707526,11204.974670915923,-2210.542243428308
0.0,-2469839528.6363173,147242947765.76062,-30196626.977155093,-36290.3857151639,11106.230683538402,-2204.431432394956
0.0,-2415348547.027211,147226737462.6134,-26990778.61014721,-36265.79222162506,11140.943945245079,-2209.7018766891915
0.0,-2320989248.0102015,147198754942.874,-21463241.012848902,-36191.61001579101,11239.62643186709,-2226.987478800661
0.0,-2196212238.2517366,147162347444.19385,-14347576.720911736,-35818.29385252262,11662.92465104745,-2322.0809776261613
0.0,-1923769136.9370477,147070725966.7125,3756036.626892196,-36545.03241177137,11134.947641368546,-2192.5570381886273
0.0,-1904392258.7648015,147064671526.47928,4946725.728600075,-36534.34264458028,11129.187147746263,-2190.7146270060516
0.0,-2260165224.2122607,147180862371.47757,-17944914.829395074,-36092.013690653424,11360.872161031504,-2251.3153647960658
0.0,-2484503273.887694,147247328416.35416,-31067611.28581566,-36295.15517967104,11098.746590530476,-2203.3672441938534
0.0,-2026598819.931919,147103253824.10922,-2643005.3700690046,-36675.99349647501,11228.528417137013,-2216.1773111510493
0.0,-2454024154.732374,147238241059.81668,-29265763.996800017,-36284.25453469865,11115.064906317371,-2205.7177848895053
0.0,-1976214715.89184,147087217884.7867,514620.75397160806,-36588.419101406944,11162.780168864245,-2200.1713226991283
0.0,-2419584124.9266944,147227992970.1901,-27236914.916611187,-36268.05670936893,11137.790940744795,-2209.2035485150172
0.0,-2213248954.469112,147167222690.8958,-15286692.09173583,-35927.61990039114,11546.317637149565,-2293.198040327312
0.0,-2222835619.113427,147169993204.07306,-15823689.922908975,-35973.28494624572,11496.141738834984,-2281.365420682735
0.0,-2176594927.859808,147156815423.27557,-13302431.747567667,-35611.8324862965,11871.745058607443,-2378.5830056679397
0.0,-2151498615.5309334,147150020533.05502,-12104423.596390057,-34981.520996937295,12432.213614939077,-2564.297669129986
0.0,-2060648339.9159555,147114342450.5137,-4831933.715625655,-36820.03946705867,11344.945161903514,-2244.2662114885416
0.0,-2240158182.843,147175019219.41003,-16800289.78461821,-36037.48898201369,11423.969379243066,-2265.000873055911
0.0,-2278399678.9596376,147186207822.28607,-18993385.22842897,-36129.81582572905,11315.93302816539,-2241.977732998382
0.0,-2220154884.7376366,147169211865.82254,-15670999.062819364,-35961.42108440772,11509.289940371264,-2284.442090636354
0.0,-2520504615.668109,147258066045.0604,-33194939.59974207,-36303.63203051169,11080.31786141394,-2200.8415055120627
0.0,-2361575336.980832,147210762947.3546,-23831228.211066343,-36230.456204693866,11189.133457252265,-2217.7930814919023
0.0,-2015738321.2929637,147099762191.53482,-1953578.896973712,-36649.93046587659,11208.261963050269,-2211.332281965156
0.0,-2301598026.309799,147193022732.18912,-20332792.11133629,-36167.04870012795,11270.476090271864,-2232.9080274220582
0.0,-2320865892.206202,147198717801.72064,-21455238.166287024,-36191.47004344877,11239.804991656014,-2227.022177684919
0.0,-2433082765.34418,147232005341.44278,-28030477.11556603,-36274.85769090319,11128.286379912257,-2207.7196326214435
0.0,-2544431421.150776,147265207339.54892,-34610943.74345741,-36308.995392518525,11067.46245631945,-2199.1379849530254
0.0,-2488891061.808796,147248641842.56064,-31326373.165888544,-36296.392200629685,11096.574341170628,-2203.0669748427385
0.0,-2180072524.9265165,147157781309.73422,-13481181.84515812,-35658.24884733701,11826.061682315185,-2365.7193665229315
0.0,-1978258531.066025,147087859455.76202,389055.9401784239,-36590.75516317853,11164.417529107548,-2200.589141331417
0.0,-2256624357.6099367,147179820599.17667,-17741539.306463134,-36083.5337352112,11370.826891783021,-2253.4269420919936
0.0,-2058206417.489558,147113535676.35675,-4670170.666968204,-36804.358442990524,11332.075175654349,-2241.116687494394
0.0,-2379503274.6761847,147216088396.31784,-24884540.157899283,-36243.809724072766,11171.174499921659,-2214.687498743859
0.0,-2082927104.4451833,147121873504.30292,-6329193.7024210645,-37061.7530046973,11544.19974809743,-2295.8901141350316
0.0,-2190850708.366269,147160825267.2807,-14057569.493483374,-35773.11115609443,11709.832005071357,-2334.2272779068585
0.0,-2215761988.971396,147167946607.63452,-15426527.0883231,-35940.474654127655,11532.289555879333,-2289.8566067494207
0.0,-2168918565.2471004,147154688601.06445,-12909089.927410573,-35486.592690867335,11991.908116361607,-2414.0822786400104
0.0,-2402652163.0203295,147222957613.88605,-26242958.13377672,-36258.627805689124,11150.889538284175,-2211.3062486958897
0.0,-2190697245.8164215,147160777714.44992,-14046504.850751186,-35771.76669129216,11711.248641394966,-2334.6345804998696
0.0,-2374614200.1030045,147214630788.12885,-24595869.256439373,-36240.35389484457,11175.860469946658,-2215.4902441121108
0.0,-2042145770.6206572,147108269954.7808,-3630444.363183937,-36725.969109584694,11268.342200748997,-2225.691521220553
0.0,-2705536747.8807855,147313243891.55112,-44156382.52880054,-36339.41199873736,11000.41572128907,-2191.498042451969
0.0,-2071956178.02604,147118120928.70322,-5582043.931881395,-36913.91927216568,11422.315774918354,-2263.6721184753624
0.0,-2182720264.836069,147158527844.6144,-13621916.919169871,-35690.0558736305,11794.283139220877,-2356.909344364241
0.0,-2282820573.540621,147187499685.6186,-19246920.034624252,-36137.73278293628,11306.39018043871,-2240.0422607825644
0.0,-2293386281.0016413,147190610785.40216,-19858613.79990396,-36154.99080806745,11285.340982609794,-2235.8286513910894
0.0,-2276226552.844166,147185561910.63556,-18867172.812432785,-36125.78898186504,11320.794614028415,-2242.968101501218
0.0,-2397396475.487965,147221397061.84225,-25933867.221375123,-36255.47409994696,11155.238160348299,-2212.02024361245
0.0,-2221814820.211703,147169696001.25363,-15764759.476444265,-35968.838921771734,11501.073520658072,-2282.5248499935524
0.0,-2612267028.7766485,147285430363.82468,-38626584.71145755,-36323.89212002676,11035.508654665366,-2195.2139465699634
0.0,-2165492290.2197948,147153757380.84222,-12742382.519526312,-35417.07220564899,12056.508117335998,-2434.008599281157
0.0,-2500243035.8235426,147252021131.38852,-31996804.266899094,-36299.23352865991,11090.93042113848,-2202.2856194633687
0.0,-2187786213.0343413,147159963772.92868,-13894095.34612772,-35744.04548637771,11739.58786670623,-2342.096348807143
0.0,-2336344644.861066,147203290779.91037,-22356970.351581186,-36207.99444702361,11218.621049204306,-2223.0832876427603
0.0,-2233995844.740089,147173218858.39957,-16449464.936067868,-36016.907505683695,11447.368338810109,-2270.2255880291873
0.0,-2219695953.171176,147169079506.70822,-15643975.216649245,-35959.32067974936,11511.60428068717,-2284.996790988716
0.0,-2211429040.9031363,147166695901.43045,-15183146.484467039,-35917.89753291788,11556.895941907123,-2295.7575340339017
0.0,-2284780584.61897,147188077699.93622,-19362327.240950007,-36141.09517494938,11302.310750643317,-2239.210885333129
0.0,-2174299602.291409,147156183120.60895,-13184000.546404706,-35577.94309961813,11904.6362362606,-2388.1063499802244
0.0,-2029515996.7219188,147104193847.4775,-2827898.4754733564,-36684.06186959802,11234.880641628266,-2217.6942968654685
0.0,-2389962980.898017,147219185430.92,-25495304.648331404,-36250.81560601236,11161.637824344149,-2213.0848365203206
0.0,-2081145899.9622777,147121246890.22845,-6203528.674869209,-37031.71047031022,11519.608220615975,-2289.2184497072208
0.0,-2455010189.5117474,147238529999.3654,-29322919.353456985,-36284.66578361951,11114.484840744693,-2205.632030074386
0.0,-2212227836.1890945,147166930965.27484,-15228992.147338381,-35922.18681380417,11552.21085204128,-2294.6261776794013
0.0,-2427320040.511863,147230288881.2971,-27691732.183449514,-36272.02939312541,11132.248326975849,-2208.3320904550114
0.0,-1908396422.5308554,147065931946.92792,4696401.971659797,-36536.39478355372,11130.241265379918,-2191.064143229459
0.0,-2385914282.9270554,147217990499.40292,-25259334.31350796,-36248.163131968526,11165.25435606419,-2213.6895345549783
0.0,-2355906661.81354,147209083486.0664,-23499905.231853724,-36225.81871194487,11195.291259769498,-2218.878176067318
0.0,-2102140984.7346575,147128852505.12643,-7756293.454301326,-37807.42485779525,12131.975952107503,-2485.0987945198735
0.0,-2808043540.390843,147343810650.775,-50244376.210128464,-36351.481337602934,10968.30946143973,-2188.6562296105944
0.0,-2498012167.055139,147251355189.12393,-31862661.60124127,-36298.71323100684,11092.047359037068,-2202.4420135521627
0.0,-2506296709.8843317,147253828781.05624,-32354763.78315717,-36300.58745562782,11087.840194052125,-2201.8637334035993
0.0,-2169879599.9512343,147154955325.5299,-12959039.509359242,-35504.30684932766,11975.167341372151,-2408.9635161400793
0.0,-2580851623.1820254,147276056962.66968,-36762965.01041978,-36317.32693682001,11049.405282066688,-2196.863081960752
0.0,-2476039019.366376,147244809559.43842,-30566340.17350204,-36292.51374287071,11103.002759066398,-2203.9702062039
0.0,-1881896901.502229,147057658111.90186,6321704.762215996,-36524.113540156104,11124.350032298504,-2188.9597685282783
0.0,-1976910752.7803738,147087441433.69324,469820.1639664352,-36589.21240647352,11163.329542058384,-2200.30971309868
0.0,-2363037325.738666,147211196335.15506,-23917556.95880584,-36231.61745797738,11187.585778001316,-2217.5206129398143
0.0,-2351485645.415533,147207771320.5609,-23241146.147351466,-36222.0515425731,11200.269264159238,-2219.7634269434325
0.0,-2360766512.03872,147210519762.22134,-23782350.893028803,-36229.8123551201,11189.994207851078,-2217.9463739668586
0.0,-2422144273.6779146,147228750578.35123,-27387865.800803903,-36269.39541999108,11135.92681091742,-2208.908356362856
0.0,-2259015225.908116,147180510528.72867,-17875216.724346858,-36089.349289696445,11364.043612361904,-2251.991741410786
0.0,-1952880200.0850399,147079866161.0933,1958653.7666594542,-36565.75683198405,11147.545720341708,-2196.166380560528
0.0,-2528475253.3504915,147260447109.7742,-33666308.26889863,-36305.37014892035,11076.005646471744,-2200.264210889897
0.0,-2515001795.7793493,147256427501.20374,-32869404.828943655,-36302.4534057665,11083.269381580096,-2201.240334917631
0.0,-2482067199.869316,147246599710.4775,-30922830.276141055,-36294.43091655162,11099.957726908724,-2203.536845157325
0.0,-2763231179.709885,147330459643.12177,-47584591.62977341,-36346.69743574539,10981.736384913123,-2189.7801895465386
0.0,-2164029816.522538,147153358454.438,-12671387.511577327,-35384.24488537621,12086.597592757333,-2443.5271136274764
0.0,-2294508214.4343615,147190937855.07556,-19923754.74413821,-36156.70780375188,11283.241009101735,-2235.4102727534723
0.0,-2140953205.607119,147147369365.7484,-11735277.100834088,-34294.76729445236,12933.143386220088,-2785.1791100138016
0.0,-2570854386.58355,147273077409.49313,-36172980.00005241,-36315.09206369802,11054.141633690291,-2197.4436534465485
0.0,-2401895495.1924653,147222728458.87018,-26196161.17645391,-36258.18536608089,11151.504295110517,-2211.409398256906
0.0,-1951498583.7902944,147079433286.73575,2043978.206624881,-36564.61243574567,11146.810882637703,-2195.964725942343
0.0,-2330743588.2315884,147201630597.27023,-22028625.52896404,-36202.29834859591,11225.974949377269,-2224.441534147331
0.0,-2071615675.7838333,147118003962.74783,-5556345.080178119,-36910.41292150648,11419.433275956768,-2262.9539063712023
0.0,-2493430953.9910808,147249984760.83084,-31591600.450649746,-36297.59181871819,11094.328965802692,-2202.756563278313
0.0,-2224494805.8526044,147170474391.56363,-15915869.878523594,-35980.34375397995,11488.299154951874,-2279.5604680581805
0.0,-2207603619.343955,147165605786.27957,-14974614.032913052,-35896.03594075195,11580.456635327928,-2301.4499029340473
0.0,-2217023429.2219143,147168301480.11465,-15493439.440719169,-35946.734101134185,11525.476165419559,-2288.261103672412
0.0,-2456939699.3613896,147239116927.5691,-29440467.22697278,-36285.44643513667,11113.366719387053,-2205.465386192334
0.0,-2190816725.6192303,147160817129.27316,-14056260.421984732,-35772.7865432378,11710.154998730603,-2334.307444481908
0.0,-2373368901.351959,147214267747.3344,-24524654.906376507,-36239.44476349312,11177.078226613865,-2215.6984779135205
0.0,-2462759568.589921,147240842369.61026,-29781074.378905136,-36287.75269120209,11110.072003164429,-2204.9845415557506
0.0,-2596729774.588739,147280795352.34457,-37707223.17438351,-36320.7344103637,11042.211410096086,-2195.994129694407
0.0,-2153991467.75754,147150675013.81097,-12209825.138150334,-35084.440494024966,12347.759549632603,-2532.7813008943185
0.0,-2380346971.603797,147216337890.7829,-24933139.920108195,-36244.39500613461,11170.382192213317,-2214.5545847806006
0.0,-2395543916.09824,147220838051.6923,-25821815.69994659,-36254.34330274553,11156.803267737327,-2212.281467464296
0.0,-2329785573.5870895,147201345705.98337,-21972663.57780217,-36201.29527333476,11227.267390759875,-2224.6798709635873
0.0,-2219216988.4402604,147168944834.98422,-15621013.12272128,-35957.08172695969,11514.056588545025,-2285.5409886755106
0.0,-2304167166.646345,147193781454.16037,-20482860.49975071,-36170.59554979428,11266.066576236197,-2232.0471099578967
0.0,-2440810166.2766576,147234303321.808,-28484271.588713825,-36278.488389659775,11123.19346020159,-2206.9409522882493
0.0,-2189977672.3655424,147160580184.31403,-14009070.871273534,-35765.087361281636,11718.066367355916,-2336.429136315342
0.0,-2157213593.9458227,147151522606.21213,-12352262.686667439,-35197.940188064495,12251.755524708555,-2498.4914432336564
0.0,-2312339503.2791047,147196194244.56332,-20958877.996303387,-36181.261021628416,11252.720466957355,-2229.4717988904895
0.0,-2005492888.7266233,147096499842.33667,-1311948.2290722027,-36629.913654293036,11192.999071365559,-2207.6512820034204
0.0,-2447046546.1074686,147236158407.82724,-28853481.695248663,-36281.28046882609,11119.269533088469,-2206.344242558375
0.0,-2247122971.960306,147177050455.62555,-17199408.926106926,-36058.395972377526,11399.989889486913,-2259.715575803605
0.0,-2193715138.7786613,147161640029.282,-14212331.666997867,-35798.03833540088,11684.022568580263,-2327.510746700169
0.0,-2675691657.50502,147304347293.12958,-42385404.103363805,-36335.02017105745,11010.860711462983,-2192.5378887379684
0.0,-2198815721.3339615,147163086185.36816,-14488277.266555717,-35838.06027553932,11642.193930853471,-2316.8193166727633
0.0,-2259501087.4606295,147180665156.57513,-17907426.252224766,-36090.46038947001,11362.704898930415,-2251.6972766262006
0.0,-1886564003.664862,147059123677.30817,6031730.162358506,-36526.07616380616,11125.21764001688,-2189.292525684747
0.0,-2017807460.3225086,147100428274.50464,-2084512.4844251524,-36654.4715927998,11211.757426249107,-2212.171060349436
0.0,-2305473483.266298,147194169814.17984,-20559320.876806837,-36172.35812843846,11263.863493430012,-2231.619256217359
0.0,-2333035199.9534507,147202310307.178,-22163970.857978497,-36204.66284561277,11222.92854920767,-2223.874743850456
0.0,-2403219745.970202,147223126943.9619,-26274980.153266914,-36258.96139884253,11150.426861573811,-2211.2343516121373
0.0,-2191441063.976834,147160995466.17657,-14090663.988289317,-35778.38273857422,11704.37345047901,-2332.7840476938554
0.0,-2255348041.309146,147179448738.57587,-17667524.13933205,-36080.35967357491,11374.52857486371,-2254.223227591188
0.0,-2329016965.0143795,147201121040.96558,-21929270.536845647,-36200.47782995257,11228.313515926911,-2224.8716828275424
0.0,-2093403067.857762,147125580029.78864,-7076711.524804025,-37324.018178331,11757.495558810908,-2357.66370359968
0.0,-2191688977.981188,147161064454.1747,-14101759.95051895,-35780.603694429214,11702.086851520831,-2332.223368744169
0.0,-2110256462.539173,147132217663.18542,-8520912.540163852,-39267.515859527506,13068.439651951508,-2952.8787351978085
0.0,-2418005721.968388,147227519432.47568,-27143432.944169912,-36267.2247546673,11138.955457039418,-2209.389031989948
0.0,-2297897534.095435,147191936666.56598,-20119057.760585148,-36161.749538230266,11277.02465424255,-2234.1902118651115
0.0,-2179741369.797604,147157693264.2014,-13464342.557676978,-35654.004105653825,11830.218135262825,-2366.8926001019904
0.0,-2268711745.9053044,147183363012.62833,-18434970.164688874,-36110.88178001978,11338.586514840366,-2246.641744343394
0.0,-2146007033.5577416,147148621562.363,-11894981.181954984,-34688.29041352742,12658.58455136558,-2656.2997598223756
0.0,-2561385673.649613,147270256299.40778,-35613239.038816474,-36312.92792367534,11058.776513741952,-2198.023350598706
0.0,-2435663470.188762,147232782730.84702,-28187457.0581929,-36276.0827489125,11126.56249076401,-2207.449118541716
0.0,-2382359275.312986,147216925945.25916,-25048062.682722483,-36245.78450122237,11168.50481325431,-2214.2396326917856
0.0,-2417841897.8306775,147227475675.41547,-27135707.725712072,-36267.13357005313,11139.077760732464,-2209.4063965521677
0.0,-2655555353.4944625,147298344472.30438,-41193862.80901553,-36331.771895519094,11018.28240449593,-2193.3101649907458
0.0,-2710800809.388224,147314822263.94427,-44472593.09744651,-36340.136192267615,10998.633330210649,-2191.323944408913
0.0,-2364864066.118616,147211740261.25705,-24024835.046740722,-36233.047031213275,11185.673843014885,-2217.186498710419
0.0,-2471868394.0973177,147243560624.21002,-30320680.286646344,-36291.096989511396,11105.165535354516,-2204.275069321807
0.0,-2395619928.333685,147220863009.27423,-25827295.086894978,-36254.38769225648,11156.74034753169,-2212.270059306989
0.0,-2492965232.046668,147249846895.11356,-31564906.718550332,-36297.472691200644,11094.559866234802,-2202.7875330010534
0.0,-2521125695.224421,147258253552.0413,-33232394.72444693,-36303.76401569802,11079.98479366639,-2200.7962882748375
0.0,-2192851080.684468,147161391686.8153,-14165984.268078249,-35790.74438212421,11691.618498374432,-2329.4619760545074
0.0,-2470955466.2373767,147243291213.02655,-30267205.107793804,-36290.77535329302,11105.644259209748,-2204.342602990122
0.0,-2204255528.759274,147164639472.21423,-14788095.429081762,-35875.396515272354,11602.613600498917,-2306.8990583596405
0.0,-2076988774.3588152,147119821560.951,-5917859.556630837,-36971.954139837195,11470.301347870145,-2276.1236652483353
0.0,-2179940131.7272563,147157760413.43964,-13479073.335565737,-35656.348183794544,11827.773701810926,-2366.1603457253223
0.0,-2208276542.1401095,147165796154.54907,-15010432.240453076,-35900.027764461716,11576.17567209002,-2300.417235750737
0.0,-2288961539.038767,147189312521.25607,-19605538.89255784,-36148.00955370515,11293.882218794475,-2237.5202224162917
0.0,-2135102236.3720396,147146027787.52505,-11640084.85139853,-33557.75299356007,13364.555872372388,-3038.5048032304135
0.0,-2260139734.954174,147180852038.54538,-17943244.501601886,-36091.96248192902,11360.941125571608,-2251.3284037644767
0.0,-2564938672.6682644,147271315078.58112,-35822188.99892043,-36313.74473759806,11057.018491611356,-2197.8025907134656
0.0,-2231288706.5995135,147172443213.16675,-16300439.980558977,-36007.08446446413,11458.401415201055,-2272.7029321742316
0.0,-2660552472.866899,147299829185.79755,-41487396.44836378,-36332.604054170886,11016.406213491224,-2193.1115638290216
0.0,-2127273872.495467,147144407373.96817,-11824525.31118502,-31444.09407192243,14126.983542070408,-3854.304186903734
0.0,-2403930938.504577,147223340397.949,-26319125.33280356,-36259.37544891149,11149.852878784654,-2211.1369466534316
0.0,-1827333155.8367567,147040681395.56876,9651797.492092669,-36505.83324433439,11118.146277843034,-2185.85828354155
0.0,-2519524477.5111256,147257768430.89233,-33134228.202126388,-36303.42477738617,11080.844229115131,-2200.9142255379325
0.0,-2085856437.9659464,147122887087.1642,-6531576.338015845,-37117.883621074754,11590.38841899087,-2308.6696628065242
0.0,-2075148769.5112586,147119194417.541,-5792969.66402046,-36949.146063907116,11451.471997534361,-2271.2070842673133
0.0,-1706006847.4288192,147003054656.76205,17024776.01040243,-36482.48908195761,11118.950877346175,-2181.944738627204
0.0,-2207132589.1582255,147165458674.56888,-14943490.113129685,-35893.3130187551,11583.452666519555,-2302.2153534643317
0.0,-2338615292.6074204,147203970154.62097,-22491976.68123013,-36210.2125406122,11215.735991987778,-2222.553818653647
0.0,-2083013972.78898,147121895549.49768,-6333110.552666135,-37063.15919631725,11545.467603775824,-2296.237702503567
0.0,-2411219519.0892677,147225505783.1201,-26746133.463650133,-36263.53097438627,11144.092131501337,-2210.207065955671
0.0,-2269258108.3384924,147183524001.44354,-18465330.24075525,-36112.01313625076,11337.238595047736,-2246.367913107248
0.0,-2052740635.5086105,147111730556.01974,-4313935.477951768,-36773.41109621749,11306.799091284434,-2234.9550474734137
0.0,-2147151306.1670537,147148900265.71844,-11933025.07446671,-34759.07851006013,12606.048268629009,-2633.9939516818686
0.0,-2204003920.846084,147164563807.58606,-14771671.005270207,-35873.808578481636,11604.327347919147,-2307.347604633281
0.0,-2504927536.9064603,147253420032.02573,-32274927.70014657,-36300.28712317135,11088.547046225061,-2201.9568153407376
0.0,-2567015770.282465,147271937134.2947,-35947991.710160695,-36314.217272286194,11056.003935170827,-2197.674647196804
0.0,-2239308725.2417107,147174765882.25888,-16752287.390954109,-36034.796054907805,11427.063468131842,-2265.6769386003225
0.0,-2705836214.923579,147313338793.96637,-44176586.01509283,-36339.45192194399,11000.313529305262,-2191.48694099857
0.0,-2251510420.9474783,147178322308.36526,-17447303.558869712,-36070.4750456054,11386.0461706983,-2256.6967173909106
0.0,-2220998996.795618,147169464478.37195,-15720560.476674503,-35965.1858194285,11505.093683064484,-2283.455001928996
0.0,-1977511731.6255114,147087623817.7288,434812.11168823624,-36589.8926891268,11163.813454564066,-2200.434362939587
0.0,-2333112453.663145,147202337394.7181,-22169135.822570067,-36204.73583328392,11222.827410282374,-2223.8565604054793
0.0,-2598926945.299374,147281453415.0371,-37836157.809369616,-36321.19138000369,11041.24174402113,-2195.8817098123764
0.0,-2128471230.3663516,147144639945.6152,-11753632.212835127,-31913.724073582434,14011.505129026971,-3662.697025758656
0.0,-2252784476.342274,147178699873.15652,-17521511.258683056,-36073.80610039687,11382.160980255638,-2255.857516363721
0.0,-2225527568.9857554,147170772890.64505,-15973374.729408521,-35984.6318669241,11483.529501825184,-2278.465457941415
0.0,-2211345087.073328,147166679730.77133,-15180190.29418079,-35917.38523215759,11557.406028417843,-2295.8793827456007
0.0,-2485591980.8133335,147247648464.73285,-31128435.438201,-36295.473816925376,11098.204179834505,-2203.2962721411373
0.0,-2185054778.6682806,147159192474.38934,-13745633.30364324,-35715.928554601276,11768.146732375933,-2349.8244693604634
0.0,-2169636101.709132,147154886389.6196,-12946011.814755717,-35499.90878066795,11979.350177701548,-2410.2401077335944
0.0,-2265558232.011453,147182434189.53412,-18254403.916002378,-36104.19016403327,11346.537468719402,-2248.2919390967177
0.0,-2439313148.4218493,147233867502.50464,-28400780.825247876,-36277.79248239164,11124.163284377386,-2207.084902567826
0.0,-2241684161.911656,147175461242.67307,-16888881.704396367,-36042.2809673958,11418.50736901734,-2263.777069319777
0.0,-2342402680.622421,147205080276.7129,-22710091.77304682,-36213.847394111785,11211.02319164645,-2221.6978983832782
0.0,-2505832540.122558,147253679635.78915,-32323356.94527623,-36300.49248565409,11088.077281097989,-2201.897244715163
0.0,-2099255528.1228445,147127743679.16806,-7522633.108240283,-37597.542738636104,11972.909034143078,-2427.7759481720027
0.0,-2208213700.4045296,147165772289.68958,-15004258.181850696,-35899.70440187352,11576.555825484582,-2300.5280582174
0.0,-2259632412.1578784,147180694244.21405,-17911547.7894048,-36090.80079142032,11362.330775026918,-2251.62677505377
0.0,-2137303540.8365746,147146512333.73798,-11659491.828385448,-33885.11905275562,13185.62421410361,-2924.3266277594253
0.0,-2082509189.8917012,147121721687.9003,-6299394.265383337,-37054.369033028706,11538.222685391067,-2294.2490311680285
0.0,-2393034242.1045194,147220101562.90775,-25677768.726730023,-36252.76742109029,11158.958758870249,-2212.63575560251
0.0,-2236830526.010453,147174048710.98257,-16613384.673776286,-36026.63030612506,11436.336724988234,-2267.7354723700687
0.0,-2339522891.6649866,147204235253.45276,-22543748.657725822,-36211.096106448094,11214.59357740357,-2222.3474283452947
0.0,-2437483055.079317,147233314301.97275,-28290482.51336619,-36276.94744123098,11125.356788650479,-2207.2676585286495
0.0,-2040109994.8428485,147107616072.90457,-3501684.0774624227,-36718.33062743613,11262.181727933827,-2224.2166902450645
0.0,-2227386789.888802,147171307105.31,-16077161.99742394,-35992.16256822203,11475.145784360362,-2276.5392572580213
0.0,-2442657323.272999,147234857601.32098,-28596412.539380744,-36279.32394552328,11122.01764790571,-2206.7585709669715
0.0,-2089978635.5527875,147124345283.05206,-6826673.281651016,-37216.78708079676,11671.038656226256,-2331.7374538286845
0.0,-2326649114.0664754,147200423507.18976,-21792375.252612356,-36197.93170113848,11231.572581753253,-2225.47612341513
0.0,-2350123989.856611,147207374035.31726,-23162820.3604746,-36220.85450306979,11201.83574824659,-2220.0426096754604
0.0,-2303048292.4260683,147193452955.88446,-20418569.69230705,-36169.060028259104,11267.97164693144,-2232.4156573312484
0.0,-1897256689.2553065,147062446544.6009,5380960.963829985,-36530.87463964187,11127.464366986707,-2190.1162365538926
0.0,-2392282314.617845,147219875188.95197,-25630932.457661472,-36252.29658598878,11159.606063066081,-2212.747105418353
0.0,-2160489933.395485,147152406129.2665,-12503996.395423084,-35294.98856463854,12166.76862863613,-2469.6420824158627
0.0,-2182760261.484131,147158546643.59366,-13626148.272979628,-35690.415686790846,11793.846840993983,-2356.7777866108027
0.0,-2373265177.0760193,147214228699.96475,-24516494.40822475,-36239.37799630724,11177.178999937592,-2215.71598977488
0.0,-2003417788.3009777,147095834458.9281,-1180487.5791822239,-36626.2796274318,11190.272995763436,-2206.9902513707766
0.0,-2209583214.3698134,147166169240.4919,-15083684.866655732,-35907.58067826468,11568.043287046527,-2298.4254003619994
0.0,-2226446072.536848,147171036178.90918,-16025351.486756694,-35988.386864209955,11479.356039374647,-2277.496987457709
0.0,-2064900608.9176276,147115748780.30728,-5109762.9513422325,-36850.68282224287,11370.188594882586,-2250.523561530344
0.0,-2157613766.2643805,147151620532.1121,-12366244.78510815,-35210.989138860714,12240.668226214806,-2494.7934826123605
0.0,-2268482650.58248,147183294496.76935,-18422672.35179066,-36110.407605738365,11339.153728102512,-2246.7539005502886
0.0,-2313600507.2902174,147196570930.30222,-21032820.372200925,-36182.820941528546,11250.748096021227,-2229.0966318839933
0.0,-2392259966.289981,147219868293.04675,-25630075.94723022,-36252.281584674995,11159.628987690252,-2212.749752108198
0.0,-2304159564.1211643,147193787663.72787,-20486715.491202213,-36170.56800401331,11266.085911304433,-2232.0417778299593
0.0,-2193494245.3578005,147161570138.7569,-14198599.919944914,-35796.254826967095,11685.931084608183,-2328.00969407039
0.0,-1960748531.288832,147082335874.5375,1474503.047528431,-36572.65281880922,11152.053872629493,-2197.379986789971
0.0,-2023044377.0800169,147102109354.8258,-2415686.4162300327,-36666.81854565842,11221.346260708473,-2214.4657591459954
0.0,-2563085739.8774314,147270764563.22665,-35714143.20226979,-36313.31826950795,11057.933206694366,-2197.91766588169
0.0,-2507094724.664339,147254064315.06696,-32399340.350885283,-36300.76240779141,11087.427689023672,-2201.8090565809407
0.0,-2637890533.339516,147293076618.56525,-40146519.09899872,-36328.71270701615,11025.080405737606,-2194.042283529837
0.0,-2130126386.1123743,147144956274.5912,-11684289.884936685,-32456.039795786528,13842.867916096451,-3449.348280190406
0.0,-2294450923.7335725,147190922938.1354,-19920481.462264538,-36156.61784804502,11283.345654976943,-2235.4323775939274
0.0,-2413760101.5599885,147226256347.4837,-26893653.130783666,-36264.93575670181,11142.144287585494,-2209.8967623135454
0.0,-2690214755.9108276,147308679062.67947,-43247834.41323048,-36337.21615106696,11005.700298495472,-2192.0172699224804
0.0,-2136785047.9940114,147146398621.89694,-11653345.383863127,-33814.26357102593,13225.833930439998,-2948.8047698896044
0.0,-1840822021.553973,147044871360.76575,8829092.353828968,-36509.68680448518,11119.11752351658,-2186.508190905248
0.0,-2260979683.436205,147181091880.46466,-17989702.9222301,-36093.936072523706,11358.637591309274,-2250.843454971264
0.0,-2392667983.718343,147219989270.05246,-25654850.792534195,-36252.539670254104,11159.275324918748,-2212.689962078051
0.0,-2328623234.876132,147201003244.4264,-21907012.754518043,-36200.060908232765,11228.850988310916,-2224.968366107554
0.0,-2046589789.489157,147109729727.91568,-3920374.7356626373,-36744.23167953943,11283.049541157434,-2229.215805086745
0.0,-2279224645.0997925,147186446211.01627,-19042358.541479975,-36131.33119443407,11314.118685637035,-2241.5984852491383
0.0,-2311951459.9413257,147196080656.6344,-20935707.70427103,-36180.77375880114,11253.330166215095,-2229.591236851492
0.0,-2242782349.792424,147175779714.8739,-16949980.387288522,-36045.658361330614,11414.64644487156,-2262.932488956648
0.0,-2281326488.0536366,147187065482.56717,-19163389.833007637,-36135.09755157041,11309.569565079062,-2240.678285931601
0.0,-1940554849.3645625,147075994408.54745,2719142.173461467,-36556.163609936695,11141.515915670845,-2194.487376340066
0.0,-2257994766.8195806,147180218407.57693,-17818871.51567846,-36086.88399223136,11366.91492002909,-2252.596440255949
0.0,-2009834124.5959318,147097879841.8824,-1583596.6432414225,-36637.93920718713,11199.079043638012,-2209.1212211070706
0.0,-2284166600.6935062,147187901172.34543,-19327329.112932254,-36140.040171269444,11303.580660750635,-2239.4680730760942
0.0,-2176739510.912607,147156860244.61157,-13310694.025327824,-35613.80145411254,11869.76255447387,-2378.0233795332592
0.0,-1935077376.7140057,147074283109.8922,3056130.3043178977,-36552.31386147591,11139.182316785435,-2193.8175094774106
0.0,-2168963999.138953,147154701797.664,-12912537.134179972,-35487.42819827771,11991.11370979376,-2413.8006502292083
0.0,-2577661514.9785347,147275114141.14432,-36576685.3563599,-36316.61696387568,11050.897861405014,-2197.0438336422176
0.0,-1931930188.4026754,147073289696.3943,3252702.4704087237,-36550.198332814034,11137.928225620564,-2193.451965748464
0.0,-1958213030.1133099,147081546544.03204,1628306.6167822182,-36570.362211857464,11150.538145547136,-2196.9749706084267
0.0,-2478538656.6745343,147245549125.623,-30713649.595267225,-36293.3298079587,11101.732256701302,-2203.7880120724135
0.0,-2221545629.185026,147169616754.5672,-15748317.301367667,-35967.657702417004,11502.385895390316,-2282.8405683641754
0.0,-2193726644.661764,147161642252.6307,-14212608.827451646,-35798.14513385416,11683.91989330636,-2327.487416189379
0.0,-2168547424.242094,147154595301.6292,-12893322.114256872,-35479.36456113545,11998.572777683523,-2416.0776731936708
0.0,-2437811576.1255736,147233419397.6787,-28312344.529358987,-36277.09567420432,11125.142586264054,-2207.233080906114
0.0,-1961687388.4969773,147082636812.03214,1414774.7475623505,-36573.52599736608,11152.628944083795,-2197.532212429285
0.0,-2103403366.0939772,147129344477.94598,-7860967.926549959,-37925.37842071939,12219.135597636265,-2518.709700153678
0.0,-2352929536.829278,147208199369.81598,-23326061.64576396,-36223.29731842285,11198.6272836502,-2219.46966496103
0.0,-2346971194.8970485,147206438097.33878,-22978823.49962218,-36218.047796871324,11205.525839868154,-2220.7029753782667
0.0,-2330484741.557257,147201553459.78882,-22013466.268164724,-36202.028526774,11226.322762265498,-2224.506157164771
0.0,-1914277496.0367296,147067772497.83176,4333815.2806729125,-36539.54957799301,11131.91283062394,-2191.606384008741
0.0,-2588120277.581437,147278227878.51822,-37195221.91400159,-36318.907752771345,11046.066517572855,-2196.457188690722
0.0,-2381468107.7313795,147216661676.42044,-24995780.632507466,-36245.175293143875,11169.333688449771,-2214.3796496068244
0.0,-2274153869.414052,147184949072.2394,-18746763.25046185,-36121.83626059748,11325.546350546212,-2243.9438299411822
0.0,-2382772613.121021,147217046784.77057,-25072519.233029142,-36246.06737116526,11168.122051509341,-2214.17303738527
0.0,-2262121972.0012736,147181424062.27487,-18055326.799805827,-36096.563623461,11355.550656776697,-2250.190684696769
0.0,-2256534753.4408097,147179796134.64096,-17735910.194761425,-36083.30818417099,11371.084441532255,-2253.486710461148
0.0,-2489851660.4440413,147248920022.54596,-31381151.26489737,-36296.657104817554,11096.097251363126,-2203.0003312207186
0.0,-2273001260.5243573,147184620873.27798,-18682178.061272778,-36119.56019125172,11328.243648059448,-2244.499628295778
0.0,-2081957038.602627,147121530852.6875,-6260502.051699019,-37045.01184991904,11530.515371069747,-2292.1659104190567
0.0,-2178400564.4906497,147157322674.1973,-13397424.789946519,-35636.518283730526,11847.462334221707,-2371.677099997021
0.0,-2509541840.976706,147254798695.03522,-32546192.39043282,-36301.28827001027,11086.153019026526,-2201.6331379429457
0.0,-2348983584.6096067,147207022550.1069,-23091817.576039873,-36219.865245712186,11203.155594224278,-2220.282860642768
0.0,-2438901068.6293273,147233741169.85547,-28374699.74956999,-36277.60381307763,11124.43249648953,-2207.126884651872
0.0,-2242427035.3128424,147175675348.03702,-16929629.163845632,-36044.57841670953,11415.88469847045,-2263.2046699079215
0.0,-2483991387.261549,147247183271.42896,-31037922.366384506,-36295.001175240875,11099.000511455435,-2203.403817871625
0.0,-2309949356.0899196,147195491042.233,-20820035.63597296,-36178.230636303284,11256.52142617475,-2230.2014505317684
0.0,-2273986217.7379155,147184907922.98386,-18738488.05940246,-36121.491027005606,11325.93771227866,-2244.0251088646346
0.0,-2495391280.5923004,147250578475.88968,-31710860.160954654,-36298.07609385936,11093.359169632946,-2202.620334290166
0.0,-2110077311.2707605,147132136539.29764,-8500256.367336327,-39201.5880891449,13032.973409670545,-2929.6834640221086
0.0,-2164664686.7844133,147153535705.06284,-12704107.817393208,-35398.64747984525,12073.366160930056,-2439.2725797739017
0.0,-1911259956.1917138,147066825966.5507,4520705.054995408,-36537.90773227447,11131.037055778508,-2191.325376672567
0.0,-2612572970.0650597,147285523534.1968,-38646021.62763118,-36323.951882226356,11035.379132274937,-2195.1980689509955
0.0,-2200033117.8742533,147163426864.7655,-14552488.003679885,-35846.911188235914,11632.900271291632,-2314.4897412853124
0.0,-2500997824.6198463,147252241244.59094,-32039436.2986215,-36299.41051070521,11090.545832969001,-2202.234293594485
0.0,-2221319105.336454,147169548339.7085,-15735286.359291183,-35966.66716144438,11503.495133539043,-2283.0964189676556
0.0,-2426649647.010092,147230096139.1844,-27653517.529471368,-36271.68858722466,11132.717870789473,-2208.4057032645333
0.0,-2377637552.03937,147215526527.3114,-24772707.01877984,-36242.51197038364,11172.943257033901,-2214.9910832079545
0.0,-2166640028.4676967,147154075266.67584,-12799749.358344138,-35441.33304983067,12034.013493336854,-2426.9760321990802
0.0,-2453310298.240756,147238029963.98843,-29223043.072541486,-36283.95644122903,11115.485533254396,-2205.781902771208
0.0,-2562556281.5346594,147270603361.08975,-35682832.901571535,-36313.19843240066,11058.194831484296,-2197.9497031932715
0.0,-2584010293.416229,147277005959.75812,-36953371.978657566,-36318.015482059556,11047.945301383732,-2196.6823969053485
0.0,-2563565204.3673344,147270906729.71027,-35742862.419628166,-36313.42851965896,11057.697230277114,-2197.886861736868
0.0,-2351488125.0020385,147207776564.0463,-23242806.365784243,-36222.048053956256,11200.267282020714,-2219.7616305533693
0.0,-2474188973.791203,147244249313.4481,-30456842.048813142,-36291.8974596082,11103.957697831465,-2204.1023163180525
0.0,-1909699833.708479,147066342703.50623,4616070.519429004,-36537.07985814203,11130.597757761067,-2191.182465475684
0.0,-2160773181.96992,147152476319.51447,-12515950.173158832,-35302.84146330865,12159.914709960363,-2467.365577214285
0.0,-2046552005.2454107,147109710009.06564,-3915482.561796698,-36744.039149563265,11282.916303546981,-2229.1874601385825
0.0,-2281052635.445466,147186977963.4941,-19145723.06454396,-36134.629427843094,11310.150641844592,-2240.7974292946255
0.0,-2356056792.7165756,147209133552.7646,-23510671.6962408,-36225.93727253627,11195.126851925908,-2218.8474156103457
0.0,-2165379275.0673766,147153722956.32382,-12736453.947871778,-35414.68722602081,12058.765628091604,-2434.7009923494707
0.0,-1925178473.4880953,147071176094.74442,3667926.530962442,-36545.896593749916,11135.435354098478,-2192.707096363601
0.0,-2336219776.7261944,147203251960.0081,-22349407.06645495,-36207.87261016428,11218.782596843042,-2223.113388172071
0.0,-2230949566.1014304,147172350057.3856,-16283219.939049998,-36005.800360425594,11459.825144497552,-2273.0186214762725
0.0,-2188888386.723952,147160272668.57855,-13952713.141923498,-35754.801673821625,11728.61621505279,-2339.177835870297
0.0,-2400759428.8450894,147222397213.323,-26130448.561000425,-36257.50437761633,11152.437458131002,-2211.563088175092
0.0,-2438208896.6471496,147233535836.47623,-28334491.385031685,-36277.28230034205,11124.882131375825,-2207.194908553666
0.0,-2134780404.466529,147145945705.8731,-11634979.963819899,-33504.67741777611,13392.629636607964,-3058.089673093293
0.0,-2219627719.8086576,147169063740.74652,-15642933.58526542,-35958.98087586432,11511.96197584286,-2285.0626083266316
0.0,-2270985985.1742873,147184030954.81467,-18567726.854983184,-36115.53925892475,11333.04181881172,-2245.4844299158394
0.0,-2400243533.9908805,147222233496.09198,-26097413.465489905,-36257.20495394996,11152.862781252432,-2211.6334401048152
0.0,-2680226295.002504,147305702963.6308,-42655865.297281876,-36335.71742055622,11009.232691835025,-2192.3715051707327
0.0,-2402945480.395976,147223035770.9597,-26255780.533942454,-36258.80926462921,11150.646854448916,-2211.272176098838
0.0,-2229608230.1859655,147171953827.58673,-16203573.537816474,-36000.7871342663,11465.48004367358,-2274.3252894961606
0.0,-2479406333.102982,147245805385.65323,-30763404.728622332,-36293.60680512856,11101.293753715674,-2203.7292060437135
0.0,-2371514858.9605117,147213714486.24557,-24413716.464316327,-36238.08874265125,11178.908581761178,-2216.0159959829602
0.0,-1988322293.518789,147091049250.29358,-241878.73205016117,-36603.34294096276,11173.376584539388,-2202.835228542548
0.0,-2147548775.4510655,147149007387.82626,-11948909.596728422,-34781.89143984227,12588.544445015757,-2626.7144703127765
0.0,-2341187158.3157587,147204725746.27365,-22640597.957256734,-36212.69157320215,11212.521576960911,-2221.969709315299
0.0,-2288338100.733004,147189118951.19687,-19567517.00123974,-36147.020797244055,11295.111249663274,-2237.7645939484587
0.0,-2071238362.4753265,147117876872.9004,-5532326.128587698,-36906.6149099158,11416.296351086907,-2262.144030186986
0.0,-2383938616.658221,147217403450.54895,-25144567.79456087,-36246.84358024559,11167.054378686344,-2213.990630447817
0.0,-2080004067.5138898,147120863193.6772,-6128873.777587287,-37014.14611530162,11505.015164991353,-2285.2849951181033
0.0,-2705517196.4455056,147313244757.49817,-44157479.545313284,-36339.40703219923,11000.422373732934,-2191.4969511565714
0.0,-2269512838.3911185,147183591048.8428,-18479940.71565709,-36112.55851027513,11336.610768007431,-2246.230536468924
0.0,-2017768312.499226,147100415912.19363,-2082574.7844276452,-36654.384818359205,11211.689314702453,-2212.1542143871784
0.0,-2089819385.6236515,147124292798.85196,-6816630.642760312,-37212.54087028639,11667.499513532686,-2330.697221017429
0.0,-2767527159.610631,147331744458.23306,-47841085.97722224,-36347.185086319834,10980.411439061758,-2189.6642741741935
0.0,-2146546401.2477937,147148755434.58762,-11912701.48637811,-34722.24464907135,12633.419170537365,-2645.6213365861636
0.0,-2273256532.5574727,147184692016.0741,-18697242.467004802,-36120.070836628336,11327.642840320306,-2244.3709675383247
0.0,-2587788424.0442443,147278126302.87274,-37175328.38866808,-36318.837233426995,11046.218306252085,-2196.474313787394
0.0,-1871426509.0326793,147054403682.00302,6959670.825027616,-36519.984655384425,11122.63226657199,-2188.255903030876
0.0,-2342670769.6128483,147205163163.1345,-22726084.316064198,-36214.094799198865,11210.694343665751,-2221.639060293092
0.0,-1974001821.8711681,147086515535.90747,653035.3492167166,-36585.956597609606,11161.070438355602,-2199.733624075587
0.0,-2243427775.571443,147175966546.29755,-16987551.793300044,-36047.615611926,11412.407960840814,-2262.433241869451
0.0,-2049677238.3823152,147110723670.27942,-4114019.397814993,-36758.1970711696,11294.423576372028,-2231.9643537876686
0.0,-2299454944.1021414,147192403076.33002,-20212146.45670277,-36163.98642240775,11274.24707766318,-2233.640737128385
0.0,-2442892019.6034017,147234922982.12103,-28609092.745973535,-36279.433240624065,11121.86711389047,-2206.7371918755484
0.0,-2469139872.0983396,147242744839.3014,-30157724.36358316,-36290.13088397753,11106.604641982887,-2204.482900455112
0.0,-1725269667.8408954,147009016876.5845,15858290.868528701,-36485.23204061991,11118.013063099657,-2182.404100400543
0.0,-2476787421.742036,147245023970.80505,-30609779.790209338,-36292.764217354175,11102.622348565834,-2203.91477961304
0.0,-1843013410.9421072,147045559006.1672,8696068.120812923,-36510.34907196576,11119.304468217642,-2186.6211504853127
0.0,-2389739707.7391677,147219116455.25342,-25480993.101323795,-36250.67456577185,11161.833590077757,-2213.1185038548238
0.0,-2310111808.960621,147195542048.54904,-20830910.800275203,-36178.43318268263,11256.261714957669,-2230.148325393864
0.0,-2629096861.6754007,147290442561.82013,-39620460.571800485,-36327.115907735875,11028.576695946265,-2194.4317672958973
0.0,-2241449475.117915,147175389982.54254,-16873719.788194537,-36041.56555330692,11419.33509142306,-2263.9678615361954
0.0,-2107215904.9671583,147130901505.091,-8207379.964507614,-38456.096450896104,12585.58618483962,-2679.143397684209
0.0,-2567876364.2097926,147272190319.02377,-35996958.86839153,-36314.415708970926,11055.582816232934,-2197.6229086853537
0.0,-2214767299.1814175,147167670858.77097,-15373681.750017097,-35935.39876563882,11537.778724072896,-2291.157605646778
0.0,-2076919694.6931214,147119796566.40823,-5913502.520016958,-36971.04719682097,11469.566816893135,-2275.9240570165275
0.0,-2187761992.760733,147159949673.29788,-13892062.89608139,-35743.886526965296,11739.816940366922,-2342.1421205643774
0.0,-2491657413.772426,147249457087.02695,-31486833.164536435,-36297.135348080636,11095.205714515077,-2202.8783418312355
0.0,-2422159854.940538,147228758441.7651,-27389603.788319744,-36269.40074315179,11135.916606230356,-2208.906639852162
0.0,-2248621859.4396544,147177485693.03253,-17283209.065648,-36062.6126462691,11395.128184152161,-2258.6651564641415
0.0,-2042710909.2623172,147108459789.23523,-3667218.7738407236,-36728.188930599375,11270.10918660821,-2226.118483074941
0.0,-2072974515.0241582,147118459636.67465,-5647836.818443381,-36924.59393130167,11431.17173435884,-2265.95313268464
0.0,-2398129775.9889636,147221618391.94778,-25977358.170247905,-36255.917894553284,11154.622835995542,-2211.920059509718
0.0,-2338343544.9465694,147203870550.3005,-22470404.255798064,-36209.97588830938,11216.070979392052,-2222.6195560202937
0.0,-2323908251.594982,147199607330.15186,-21629956.375452142,-36194.92638374553,11235.421867595604,-2226.200704196985
0.0,-2338770996.2774053,147204007288.31183,-22498366.11229102,-36210.37644525133,11215.536755412993,-2222.519293643776
0.0,-2189002866.3095093,147160295712.59503,-13956368.353871195,-35756.001631820225,11727.467218857852,-2338.8855842213084
0.0,-1992326714.833438,147092310829.13705,-487004.46006715676,-36608.89265690539,11177.406663282218,-2203.8390656830925
0.0,-2659927726.869276,147299642443.63254,-41450172.9488175,-36332.50097627787,11016.640422638318,-2193.1377760990263
0.0,-2156528720.9434047,147151339490.7423,-12319601.932035165,-35175.525172933485,12271.016371193627,-2505.3265811287315
0.0,-2337942894.949207,147203758624.97775,-22448739.283456072,-36209.575558267345,11216.580175107187,-2222.7117339225288
0.0,-2394645172.7535763,147220578934.98117,-25771622.50672451,-36253.77805044042,11157.571201051554,-2212.407227289778
0.0,-2434673540.3312874,147232480038.135,-28124894.497414734,-36275.61928645379,11127.217496876987,-2207.5540184474075
0.0,-2270495754.9825096,147183883813.64774,-18537357.967803966,-36114.55634316976,11334.220963812248,-2245.734618635156
0.0,-2373793226.4677014,147214395597.3355,-24549758.89226231,-36239.75112463257,11176.662884372325,-2215.626897272804
0.0,-2130468437.001946,147145037121.6147,-11678738.82053702,-32552.800005635654,13807.35115221106,-3410.4750893739497
0.0,-2166978653.363897,147154162933.69998,-12814420.402048022,-35448.4090183991,12027.519827117225,-2425.0005423017615
0.0,-2441858994.4144244,147234626593.88806,-28550480.823930774,-36278.95770952501,11122.52664956239,-2206.836354135425
0.0,-2553385758.9072504,147267870439.458,-35139350.455786526,-36311.07692525916,11062.813618902803,-2198.53741466101
0.0,-2600032033.3709335,147281781666.23935,-37900201.15661253,-36321.42102989647,11040.75670317482,-2195.8260624427726
0.0,-2564684195.9796805,147271238910.5791,-35808378.04903636,-36313.6861081916,11057.14485230478,-2197.8188770147303
0.0,-2354223342.5276933,147208591043.4221,-23404218.143562865,-36224.39135153198,11197.170775921917,-2219.208907790785
0.0,-2149711493.0968876,147149559009.25894,-12032196.501719875,-34897.4654986889,12499.196173783364,-2590.37467372745
0.0,-2586944005.053596,147277880788.5968,-37128263.4041624,-36318.65162103374,11046.604050841326,-2196.5199901679302
0.0,-2259856501.5277495,147180766810.47827,-17927273.76121585,-36091.30485144403,11361.72086160579,-2251.4893146776503
0.0,-2204788686.4264336,147164796838.1304,-14817991.505176604,-35878.764902599,11598.983703365575,-2306.008763863527
0.0,-2269915714.6815896,147183717379.0029,-18505742.44090861,-36113.362804181445,11335.632462465308,-2246.0221720850345
0.0,-2348234508.3984118,147206808202.21176,-23050699.86642351,-36219.188444089334,11204.033806737214,-2220.4381617855875
0.0,-2311868352.665137,147196055258.58835,-20932104.90787441,-36180.67024954367,11253.462716638871,-2229.6114053870815
0.0,-2094073196.2712607,147125820173.8398,-7126415.547060885,-37348.4493811357,11777.161280533966,-2363.705457454796
0.0,-2147130850.901494,147148900459.10312,-11933445.554307159,-34757.60575423837,12606.973973153214,-2634.399379296026
0.0,-1875358358.4872892,147055621316.46695,6719794.782044194,-36521.49235850565,11123.244745630705,-2188.5120719467113
0.0,-1877096439.7807229,147056169671.29697,6612126.033696092,-36522.1770468036,11123.525744534385,-2188.6281063747842
0.0,-2241788953.119304,147175487352.39407,-16891568.61301663,-36042.62558007766,11418.12623440358,-2263.7090703323074
0.0,-2180781194.744867,147157995471.6692,-13523061.808279617,-35666.823784972155,11817.37228331448,-2363.263339966602
0.0,-2439672851.510345,147233963824.7009,-28418615.158493068,-36277.96645787227,11123.927750576355,-2207.0505410518545
0.0,-2655877341.608836,147298436041.09888,-41209859.362999745,-36331.8285840958,11018.157660003691,-2193.2974746500604
0.0,-2867331040.8891263,147361495058.14658,-53772699.965432435,-36356.87905281202,10951.660361372255,-2187.3811007928607
0.0,-2181803974.1504683,147158280280.53748,-13576986.38145553,-35679.19897522862,11805.053836576726,-2359.841204260965
0.0,-2045155547.76624,147109259253.67627,-3827050.2736885664,-36738.1032633896,11278.098664333045,-2228.02659435221
0.0,-2191189216.5430655,147160923099.1349,-14075292.304315612,-35776.145628795,11706.686115758645,-2333.419598699088
0.0,-2264063664.516499,147181996945.5244,-18167863.80859895,-36100.91124557704,11350.411221313654,-2249.1079253249936
0.0,-2356443637.164438,147209240154.38907,-23531351.6845287,-36226.270494191966,11194.695631211041,-2218.771861958451
0.0,-1861912514.9831605,147051433209.23547,7543758.577362881,-36516.520671422266,11121.318163470049,-2187.667771699315
0.0,-2432767258.365511,147231920523.0905,-28015447.46081957,-36274.69865865556,11128.50125697754,-2207.7505169083415
0.0,-2401513615.2930865,147222622801.54703,-26176409.77803583,-36257.95163691943,11151.819063682155,-2211.459231281972
0.0,-2278818122.3015265,147186328051.83722,-19017632.08336913,-36130.58843781482,11315.009464085211,-2241.7865073961257
0.0,-2341657876.1674294,147204863905.2766,-22667882.224271636,-36213.13968057175,11211.939192933065,-2221.8633273957507
0.0,-2264267851.791498,147182062342.95874,-18180125.730136883,-36101.34717190269,11349.880272587712,-2248.9995375003305
0.0,-2140940922.2165437,147147366055.68695,-11734565.653581414,-34293.63746498653,12933.894465320705,-2785.6246153734296
0.0,-2467847090.220171,147242351937.50815,-30080073.28729612,-36289.66549146605,11107.296849111062,-2204.582956332461
0.0,-2544387166.4691586,147265179004.41858,-34604357.13142287,-36308.99418017541,11067.483121362855,-2199.1405884177857
0.0,-2529574424.787273,147260761184.43948,-33728352.14110965,-36305.622915373846,11075.407383304037,-2200.184323062204
0.0,-2140629623.8549602,147147294284.46112,-11728838.507220158,-34263.39335443107,12953.541359960725,-2795.3477002893974
0.0,-2003552359.813156,147095879707.13058,-1190267.873483628,-36626.51438820026,11190.446884359157,-2207.0315981960775
0.0,-1843952678.704772,147045843265.50128,8638633.828828497,-36510.634658837305,11119.389406704937,-2186.6689847209773
0.0,-2077924461.999106,147120141198.11386,-5983795.834931828,-36984.34521518138,11480.533651995454,-2278.792621449545
0.0,-2639669857.4492736,147293602387.40833,-40249210.82549816,-36329.03236934949,11024.38165285784,-2193.9680645320304
0.0,-2150846359.7715735,147149853492.64206,-12077808.900937367,-34951.8487274241,12455.993391092812,-2573.48310165129
0.0,-2372718327.250982,147214067269.0059,-24484481.324022498,-36238.97757360339,11177.718219062945,-2215.8080835514616
0.0,-2271608355.1923485,147184207522.7753,-18600231.533127915,-36116.809283795614,11331.539119885523,-2245.184076127156
0.0,-2530923400.6547794,147261170610.57285,-33808673.226147726,-36305.919958776125,11074.677644512454,-2200.0886535095824
0.0,-2334796405.245084,147202836762.10703,-22267362.233057708,-36206.44178819927,11220.622818656864,-2223.452228813743
0.0,-1850019965.6703155,147047737313.7121,8266280.5354445735,-36512.53569960308,11119.968789955723,-2186.9899634379944
0.0,-2663303853.6934853,147300657268.2152,-41652425.88715813,-36333.050842886594,11015.38435486587,-2193.0048047182268
0.0,-2380242413.8742585,147216303055.35724,-24925657.789801933,-36244.32676767565,11170.47934883508,-2214.5717616079323
0.0,-2315119391.2370615,147197021602.57327,-21122662.93209923,-36184.67693990018,11248.40679826471,-2228.6458720549476
0.0,-2199969015.3687453,147163420959.98126,-14553650.264078304,-35846.34398938446,11633.417697310775,-2314.588858277443
0.0,-2575379787.875404,147274430917.86365,-36442333.04436847,-36316.10922452644,11051.976251368444,-2197.1749012859946
0.0,-1928717665.1737165,147072287165.72083,3448682.7636913983,-36548.11506271204,11136.710560029876,-2193.0891037529304
0.0,-2263343387.604952,147181792915.75653,-18128012.314081404,-36099.28680613617,11352.309192690953,-2249.5057767689777
0.0,-2002271755.72135,147095472549.81323,-1110166.2220154796,-36624.33497868974,11188.815265566578,-2206.633009354374
0.0,-2455493988.9550066,147238671148.7505,-29349784.524106268,-36284.86681753879,11114.201341477838,-2205.5918868539306
0.0,-2316716751.8710523,147197484871.73785,-21210823.217293516,-36186.619645031366,11245.965106221807,-2228.1921950553237
0.0,-2144422074.0134833,147148221822.42236,-11840646.707225041,-34581.046483489445,12736.729433771354,-2690.7671105067284
0.0,-2224867696.830431,147170580078.07428,-15937927.094129706,-35981.91031231888,11486.568764850748,-2279.147681143234
0.0,-2028680023.8190026,147103923309.16315,-2773924.362748991,-36681.69435144418,11233.014371276584,-2217.249317977388
0.0,-2314633329.625359,147196876477.56775,-21092465.539736442,-36184.08852476902,11249.149775462323,-2228.7929629465657
0.0,-2543842009.445235,147265028178.19504,-34576011.00799211,-36308.86096449041,11067.772657186193,-2199.1778012422183
0.0,-2397508640.7417073,147221432228.13248,-25939057.43010071,-36255.541678993264,11155.141895965111,-2212.007109169916
0.0,-2199678754.7733727,147163330855.42163,-14533751.139630012,-35844.336144438734,11635.585530739787,-2315.1722926617185
0.0,-2492379614.9895654,147249673851.92252,-31529503.827088602,-36297.32220294203,11094.847861133583,-2202.827697198875
0.0,-2292839924.680327,147190447386.14413,-19827010.787921343,-36154.15319288852,11286.376930624418,-2236.0330566615053
0.0,-1796946138.4721618,147031243133.13068,11502913.857870884,-36498.33357409153,11116.95415605685,-2184.595020471444
0.0,-2010729785.3775778,147098169238.17236,-1640980.9695106726,-36639.6817855519,11200.400143955063,-2209.438864527126
0.0,-2164952392.4441123,147153610419.16013,-12715314.258493526,-35405.19341865102,12067.418728621307,-2437.4832536017097
0.0,-2379320066.7959948,147216023007.9654,-24870832.875110622,-36243.69328950474,11171.346366717944,-2214.719207113865
0.0,-2256309357.5773015,147179729354.2635,-17723792.52568065,-36082.75387105353,11371.735509204786,-2253.619429792329
0.0,-2090293815.6089752,147124459160.20493,-6848944.273794529,-37225.57712033693,11678.141337454852,-2333.837914615326
0.0,-1978529472.2901278,147087947275.10687,369415.00161338213,-36591.07268101994,11164.639909742336,-2200.641856428904
0.0,-2325728848.5971403,147200153200.52182,-21738322.632752996,-36196.92582625642,11232.855696052713,-2225.7180567769738
0.0,-2070998271.9130113,147117799324.96945,-5518133.157511986,-36904.25920784466,11414.324316763816,-2261.6328608800936
0.0,-2052340669.4690297,147111603191.06125,-4288503.778285243,-36771.365114084794,11305.113463893913,-2234.547690817015
0.0,-1928500864.8797815,147072216856.308,3461416.5726557113,-36547.97624491931,11136.629979960468,-2193.0646164152904
0.0,-2139398729.4790733,147146995589.817,-11698024.662843212,-34137.00308408758,13034.41087237519,-2838.0585659474045
0.0,-2200951548.349702,147163694108.2614,-14605721.92270872,-35853.32333498932,11626.08473473246,-2312.750226135003
0.0,-2581418685.009825,147276234676.98618,-36799711.94241833,-36317.44737696665,11049.14262857985,-2196.829224582972
0.0,-2425491785.8463535,147229747694.494,-27583930.258510564,-36271.10781381191,11133.53323176129,-2208.534608571168
0.0,-2432448880.9376044,147231819687.8457,-27993998.222687613,-36274.549825268805,11128.714461079593,-2207.784915763953
0.0,-2401671527.273787,147222664127.8159,-26182826.03864576,-36258.051187673555,11151.686334914044,-2211.439925896165
0.0,-2103849507.342741,147129527673.4628,-7900906.746165973,-37972.86712602804,12253.127219321115,-2532.278482604033
0.0,-2280930231.7826476,147186942207.60834,-19138549.56496571,-36134.411272014186,11310.413753097182,-2240.8518019123894
0.0,-2095004755.5203013,147126170231.13754,-7199959.691651754,-37385.29043925932,11806.249508832914,-2372.7597847296565
0.0,-2862544594.0232687,147360069087.4195,-53488299.23590561,-36356.476783152335,10952.963503782761,-2187.4758790508595
0.0,-1810681857.1061249,147035507361.1011,10666861.99391097,-36501.54109241064,11117.337033440432,-2185.134439846934
0.0,-2002817166.714567,147095649880.48465,-1145663.4308037467,-36625.26222678777,11189.507012177812,-2206.8019313803447
0.0,-2444429714.213035,147235380465.77048,-28699005.749056254,-36280.12306529989,11120.897672110903,-2206.5906581756876
0.0,-2188997019.801021,147160305159.70453,-13959792.447953895,-35755.81830215926,11727.560973836398,-2338.8809526464993
0.0,-2322711603.018597,147199260018.12366,-21563189.586337905,-36193.57421295869,11237.135257282018,-2226.5174858692426
0.0,-1851365963.0464523,147048150673.93832,8186113.18190072,-36512.96804678825,11120.107623919015,-2187.064127349954
0.0,-2378608787.8190904,147215816759.72327,-24829955.848050937,-36243.19142658772,11172.021616306134,-2214.8345363398266
0.0,-1765043522.61959,147021342186.62115,13444371.567973822,-36491.845397436016,11116.872321601979,-2183.5090079081233
0.0,-2194478298.083335,147161853953.9352,-14254000.903207712,-35804.39014331761,11677.440356091653,-2325.795631229279
0.0,-2057271931.6618595,147113223012.72992,-4609375.562541301,-36798.663185181314,11327.430547531963,-2239.9740535660367
0.0,-2060055948.7009492,147114147173.03015,-4792934.468057406,-36816.12113231329,11341.719852991353,-2243.47531606417
0.0,-2075753445.1669054,147119403138.48886,-5834300.444169128,-36956.45696831941,11457.478663648775,-2272.773307659247
0.0,-2529495008.2142134,147260742324.0767,-33724815.58772769,-36305.60242823839,11075.45092903563,-2200.1893103316925
0.0,-2402737818.18998,147222982609.62125,-26246494.856314953,-36258.679405093484,11150.817350959243,-2211.297460039823
0.0,-2244309190.3743253,147176225597.6866,-17037401.11844341,-36050.243447223016,11409.38354742937,-2261.7740045842493
0.0,-1851019822.1043146,147048048252.3958,8206547.745181543,-36512.857441406755,11120.0696606575,-2187.0452699119137
0.0,-2685147899.727259,147307168356.79263,-42947590.63890712,-36336.463395762046,11007.482332866939,-2192.1949266156694
0.0,-2173828254.3000736,147156053651.28445,-13162065.658183265,-35570.61667557001,11911.70731591136,-2390.103114489287
0.0,-2622080266.9936166,147288348865.19687,-39205529.65220663,-36325.79832064842,11031.428843514805,-2194.7496288333737
0.0,-2429185852.4072995,147230844859.49615,-27801040.00787903,-36272.95738560855,11130.947363200678,-2208.131258271583
0.0,-2293622449.9492536,147190677854.46384,-19873011.1547245,-36155.35698585705,11284.89804523614,-2235.737420072932
0.0,-2292616908.6789393,147190380343.9537,-19812980.037036188,-36153.81242479705,11286.795860471355,-2236.1184361392156
0.0,-2209501357.1156316,147166147634.17102,-15079430.322592244,-35907.10171506154,11568.54931745709,-2298.548517836233
0.0,-2127271398.715806,147144403559.92316,-11823932.415106257,-31443.393587765146,14127.591592224817,-3854.484084499356
0.0,-2267718095.6202254,147183066379.73676,-18375521.846513566,-36108.81621882205,11341.053203081105,-2247.1610385934555
0.0,-1940337634.9815812,147075926482.15463,2734041.466829703,-36556.00710164537,11141.416607618601,-2194.461661779751
0.0,-1764612071.6198568,147021221191.046,13464663.944963586,-36491.76573616654,11116.878334220768,-2183.4932503679047
0.0,-1985162886.244798,147090040212.63074,-40600.86172045565,-36599.18275469739,11170.388812539919,-2202.092830561204
0.0,-2529214035.5430055,147260661427.78064,-33708859.253812835,-36305.538002696725,11075.60387102762,-2200.210753934576
0.0,-1864552185.7149558,147052252916.00748,7383183.034191984,-36517.45479231521,11121.661944222322,-2187.827644816327
0.0,-2252520788.6531906,147178624048.99084,-17508090.694980215,-36073.112959388476,11382.962987985373,-2256.0223503722805
0.0,-2202163391.5038166,147164047229.40787,-14673535.359761704,-35861.57073850173,11617.291880567176,-2310.5541706824815
0.0,-2546890098.1092606,147265935187.46277,-34755053.281376325,-36309.56762293719,11066.173882552046,-2198.9710136957656
0.0,-1978705464.5690527,147088004403.60477,358172.7601775049,-36591.279756589305,11164.78318864086,-2200.678189135232
0.0,-2275441762.210668,147185326242.19308,-18819653.35723002,-36124.31498873076,11322.575483920187,-2243.338177636808
0.0,-1946609212.7484915,147077903109.9187,2344892.2724809158,-36560.710067844346,11144.331512077697,-2195.2818019362867
0.0,-2326021042.0367856,147200239111.21085,-21755632.880969338,-36197.2463278735,11232.446194995082,-2225.6405836895005
0.0,-2358938474.182881,147209983679.85062,-23678720.55282712,-36228.32326085428,11191.967513938594,-2218.28834695756
0.0,-2395181539.5103264,147220738774.76746,-25802411.6091773,-36254.11080998692,11157.11382419729,-2212.3327124919347
0.0,-2187277218.6857266,147159817263.56088,-13865566.82883798,-35739.009017760305,11744.744839435754,-2343.4879592642756
0.0,-2239525158.7490463,147174828779.606,-16762940.97738454,-36035.49414959322,11426.266050666558,-2265.511720292262
0.0,-2322376124.819101,147199159284.87167,-21541543.89507758,-36193.198571039815,11237.615493654299,-2226.6125374657686
0.0,-2325910480.915366,147200202422.3074,-21747128.685759865,-36197.13191666288,11232.59898313377,-2225.673295435556
0.0,-2415047503.642819,147226645426.801,-26971466.560227625,-36265.63160918767,11141.16941014715,-2209.73971884011
0.0,-2410164699.2769814,147225190929.00726,-26683492.52324596,-36262.94305159652,11144.910683261627,-2210.339184570983
0.0,-2091718460.6202188,147124972795.23145,-6953762.638306034,-37267.87259551575,11712.288132526728,-2343.952083809467
0.0,-2313759471.6226845,147196614501.55627,-21041912.879721895,-36183.022383635194,11250.501337260946,-2229.0470902737675
0.0,-2233003943.204271,147172930905.70114,-16393732.481296454,-36013.37989448965,11451.350746434953,-2271.1203759304153
0.0,-2709096628.224964,147314308625.5853,-44368547.87881438,-36339.904457635756,10999.207235418398,-2191.3812808555567
0.0,-2391703362.0252604,147219699013.29953,-25598129.316356905,-36251.932234162734,11160.11209334879,-2212.8273260371207
0.0,-2199881213.1178293,147163398828.8663,-14549527.56030927,-35845.69257123828,11634.085397403962,-2314.7547916774765
0.0,-2415842630.597006,147226877730.12448,-27016167.627236728,-36266.06505429609,11140.570039904842,-2209.645841936113
0.0,-2680245530.4878755,147305706498.43835,-42657971.37095494,-36335.7209608709,11009.226525783082,-2192.3697404596833
0.0,-2176261214.4153786,147156728061.89175,-13285831.200507455,-35607.00307123177,11876.39499395221,-2379.9290427634364
0.0,-2406898118.322237,147224226042.95874,-26493522.625617404,-36261.088158552644,11147.477153686988,-2210.7531897889176
0.0,-2186095217.344989,147159484885.95474,-13804204.161852257,-35726.91502651199,11757.035435808062,-2346.7527579016405
0.0,-2251407173.159775,147178302968.08124,-17444752.83903874,-36070.161594051504,11386.377370851222,-2256.761960743614
0.0,-2253473659.812985,147178899828.22202,-17561173.97333798,-36075.59604749893,11380.084396956556,-2255.408288402494
0.0,-2256401407.9566374,147179760549.20407,-17729771.252765946,-36082.96736621337,11371.473564603484,-2253.563951176672
0.0,-2274132105.4253383,147184945831.73367,-18746334.602145966,-36121.78567247641,11325.59940568751,-2243.9536583922845
0.0,-2290396681.3845415,147189729440.27686,-19687449.620750617,-36150.32187961042,11291.067576044139,-2236.9578928758524
0.0,-2281819510.8476114,147187202169.21936,-19187931.93283609,-36135.98969259235,11308.507034625021,-2240.4728543442543
0.0,-2235487176.450697,147173658161.56772,-16535889.184691217,-36022.06923707287,11441.507229147308,-2268.903383757415
0.0,-2327499786.9380655,147200679198.67267,-21843985.283026464,-36198.84460226714,11230.397468628744,-2225.2542713463736
0.0,-2288269035.3832827,147189104412.62894,-19563431.129618414,-36146.89696603839,11295.247221663012,-2237.79676426998
0.0,-2398317207.626788,147221668793.5444,-25986604.505411144,-36256.036990972585,11154.463853709854,-2211.895035393876
0.0,-1981089491.3776658,147088751490.59552,213264.57691683658,-36594.10769074517,11166.78056160774,-2201.186578533388
0.0,-2596621456.0277023,147280761081.0665,-37696840.83416264,-36320.71383094686,11042.255219989693,-2196.0033100171445
0.0,-2253711418.230843,147178973321.58066,-17575233.94788447,-36076.19488987304,11379.37421957863,-2255.2577485319634
0.0,-2297602852.559703,147191853532.14957,-20103993.216992185,-36161.31019309901,11277.561378382099,-2234.2911091853994
0.0,-2218895206.2490573,147168854944.74023,-15602045.569722649,-35955.5673297089,11515.707118925478,-2285.9449370757734
0.0,-2309469961.6123886,147195350086.76672,-20792259.964681033,-36177.613647916296,11257.293749575569,-2230.3497985010918
0.0,-2560182899.3739467,147269889530.3687,-35537907.06387403,-36312.65533510683,11059.374335597016,-2198.1024172734983
0.0,-2177473789.37899,147157062343.42807,-13347673.108840045,-35624.041092177504,11859.752917787857,-2375.1890407447177
0.0,-2159190904.831353,147152047693.35635,-12440324.684435863,-35258.616039482906,12199.050803571232,-2480.529040452297
0.0,-2325433875.3932085,147200067473.5144,-21721963.707939517,-36196.59950067947,11233.271109906944,-2225.7943530483712
0.0,-2717561582.3208227,147316834795.08374,-44871778.56521873,-36341.050764053194,10996.37169242668,-2191.1097016196704
0.0,-2082707865.2838938,147121790073.78055,-6312707.625075878,-37057.799418323324,11541.049838529829,-2295.0231136535403
0.0,-2397710969.984643,147221489453.42743,-25950313.56193615,-36255.6678226309,11154.971135127238,-2211.979539989362
0.0,-1998403748.0665467,147094247104.63205,-868950.2165161023,-36618.035084741925,11184.122984148025,-2205.489056819489
0.0,-2559975019.550023,147269832993.39014,-35527096.76481404,-36312.60384888846,11059.480557708006,-2198.1158816262537
0.0,-2558932977.1680126,147269520396.59973,-35465256.414985664,-36312.36448424915,11060.001730572985,-2198.1807949691006
0.0,-2260315716.797481,147180902911.02728,-17952919.668794703,-36092.37658257248,11360.455389666378,-2251.225915090331
0.0,-2190641187.207443,147160767320.67374,-14046287.6469954,-35771.19361924291,11711.794541961572,-2334.7470717613132
0.0,-2071057176.1607473,147117818061.61237,-5520878.540544494,-36904.830706055305,11414.806539423067,-2261.7627104290086
0.0,-2029086718.187431,147104053769.45926,-2800164.5903740674,-36682.83788111713,11233.918460060338,-2217.4642618227667
0.0,-2212939326.7145886,147167137380.0323,-15269680.38487516,-35925.96537333651,11548.094595875229,-2293.629170522436
0.0,-2303753815.819078,147193670061.00824,-20461019.15210854,-36170.01163719034,11266.771672537634,-2232.1846595041907
0.0,-1874242638.8240016,147055270847.12283,6790259.265312073,-36521.05874554654,11123.06635519405,-2188.439910589152
0.0,-2480369089.248812,147246098479.40228,-30824092.73768871,-36293.90500283261,11100.811659694875,-2203.656583812577
0.0,-2013819400.457563,147099154914.28296,-1833724.7324845502,-36645.895871913955,11205.14945774329,-2210.585306965952
0.0,-2029671536.652759,147104245512.91397,-2838105.9762162385,-36684.51107134346,11235.22978699673,-2217.777049830487
0.0,-1961951285.506303,147082720117.65994,1398716.0126827264,-36573.77218937883,11152.79248243077,-2197.576886178766
0.0,-2173714703.3406825,147156016477.28162,-13153694.352866732,-35568.944842369216,11913.389814284117,-2390.636827867504
0.0,-2260914573.1290574,147181070871.5936,-17985523.50331612,-36093.79169126886,11358.812449338742,-2250.880253547034
0.0,-2742387852.2118106,147324237553.2547,-46345065.88836155,-36344.22941337969,10988.281835395454,-2190.3618397283717
0.0,-2292202926.6034923,147190257848.02542,-19789866.85605484,-36153.17023172517,11287.58578838488,-2236.271408516232
0.0,-2422704706.9412665,147228915654.25223,-27420536.556665506,-36269.686289450015,11135.522069866913,-2208.8440902584416
0.0,-2250917720.06716,147178151208.59607,-17413717.454264745,-36068.88728708361,11387.882274424235,-2257.0942728002706
0.0,-2341863803.3795156,147204926828.5343,-22680579.25544232,-36213.33162650814,11211.686063300893,-2221.816799387406
0.0,-2398865869.124525,147221828493.60425,-26018484.236541934,-36256.37217558577,11154.005979545629,-2211.819170294649
0.0,-1804451157.1312735,147033567296.36548,11046411.493589092,-36500.05063387971,11117.136170264994,-2184.8831900942796
0.0,-2295537423.6888885,147191243935.51987,-19984739.342781577,-36158.25270348408,11281.33389190188,-2235.0308060754655
0.0,-2068220964.2957306,147116862394.62164,-5330814.048186643,-36878.25017739428,11392.89095199493,-2256.212044669173
0.0,-2404845635.416759,147223612237.2437,-26371238.486062616,-36259.90918837602,11149.112497372003,-2211.018805029761
0.0,-2420405472.580103,147228227371.51355,-27283769.32001395,-36268.494980347394,11137.189991676833,-2209.10925782843
0.0,-2480520254.372073,147246138262.40323,-30831531.08326093,-36293.95503230376,11100.734795497481,-2203.6465336334763
0.0,-2298665623.608387,147192168817.2386,-20166048.047160257,-36162.852829635776,11275.651691620973,-2233.91544044625
0.0,-2174396336.313973,147156205424.51782,-13189066.037874907,-35579.49544302068,11903.194836442535,-2387.652608691336
0.0,-2385556341.91444,147217876093.47263,-25237545.90731166,-36247.933210950585,11165.578013667762,-2213.742471758611
0.0,-2147525651.5862327,147149001349.5529,-11947617.76819599,-34780.57959812656,12589.54328050334,-2627.1807063037663
0.0,-2359984959.359791,147210300146.66125,-23740660.45250153,-36229.16647557621,11190.838727350834,-2218.0914815102083
0.0,-2413850095.598445,147226283149.2132,-26898944.636654936,-36264.98494206013,11142.075665751025,-2209.8863244424865
0.0,-2313980306.940761,147196682210.97595,-21053776.142382707,-36183.290629118215,11250.158297536234,-2228.9852536882986
0.0,-2505050102.600711,147253458667.5754,-32280497.336385254,-36300.31368752431,11088.481783863854,-2201.950908223454
0.0,-2373409791.300522,147214271728.94873,-24524735.140855137,-36239.48308781277,11177.037425190112,-2215.692058845254
0.0,-2010736961.151494,147098174046.32324,-1644420.562357019,-36639.700154584876,11200.4131925567,-2209.4372498618577
0.0,-2285875926.5434675,147188399566.20212,-19424493.384974994,-36142.944648282806,11300.062439675288,-2238.7637268684634
0.0,-2239256725.0527344,147174754523.55548,-16750842.754393985,-36034.61207159537,11427.260019654348,-2265.71437907762
0.0,-2436875597.767527,147233138218.67728,-28256586.480172075,-36276.65903597647,11125.757675038749,-2207.327440682211
0.0,-2143771228.0083358,147148060614.4196,-11819394.0107913,-34533.11032989258,12770.78446799067,-2706.3501929308195
0.0,-2015842521.7743757,147099805029.0946,-1962608.3518139117,-36650.17195678553,11208.432232883746,-2211.372648242005
0.0,-2218165850.3875036,147168641696.58545,-15560903.59191332,-35952.14921648493,11519.479605709974,-2286.8296697487754
0.0,-2384565176.091069,147217588905.3729,-25181133.761099532,-36247.264251822264,11166.482840686018,-2213.89409247864
0.0,-2546001739.462681,147265664484.29938,-34702712.2825319,-36309.36468784411,11066.63898293608,-2199.029618292455
0.0,-2289035274.3332167,147189327896.3739,-19608031.1860702,-36148.14323498893,11293.732151294776,-2237.4903528600044
0.0,-2352736477.5298014,147208145720.38443,-23315008.439319935,-36223.127345984496,11198.846182923719,-2219.5095558184935
0.0,-2266078231.825076,147182581347.78973,-18280414.76776131,-36105.332602655275,11345.19583258053,-2248.026111039461
0.0,-2512208817.80771,147255587524.58905,-32703495.20525515,-36301.861703688104,11084.752506694942,-2201.4417557374754
0.0,-2321465346.384508,147198894436.0149,-21490783.467100896,-36192.15644435334,11238.934306280406,-2226.8562906506922
0.0,-2132524125.6028564,147145446740.1095,-11637197.653099455,-33067.32295455102,13601.632814540644,-3217.7127761977194
0.0,-2336326978.7148576,147203288287.91754,-22357190.44342364,-36207.97239101307,11218.646397309429,-2223.0864040208294
0.0,-2089958315.2219236,147124339190.56808,-6824826.70487902,-37216.25380942946,11670.578634234671,-2331.616947638732
0.0,-1868629382.0535522,147053519432.00485,7133495.332708293,-36518.93641951831,11122.225746477583,-2188.0783424406227
0.0,-1939195501.4601038,147075564516.98553,2804874.2945903717,-36555.183420873385,11140.91995283,-2194.318835592573
0.0,-2523558161.0768905,147258976343.65567,-33375844.684402946,-36304.29244509006,11078.670011589633,-2200.618876003756
0.0,-1957172242.5207465,147081212976.09955,1696080.7889328776,-36569.43657763576,11149.932070796709,-2196.8139919163195
0.0,-2305523091.376586,147194179634.17566,-20560302.504795223,-36172.43407863434,11263.777610738462,-2231.6063651152544
0.0,-2172383713.042249,147155648999.6957,-13086736.183861135,-35547.537212905125,11933.968474144272,-2396.654880046525
0.0,-2148290262.7333326,147149196435.77567,-11976495.590825945,-34823.377014747435,12556.798916566242,-2613.665089939845
0.0,-2422399074.67445,147228827622.0458,-27404541.150067974,-36269.52498610328,11135.746826975383,-2208.8777625066064
0.0,-1840001733.8825033,147044618081.979,8877983.638711076,-36509.4417100823,11119.050812981612,-2186.4654721829643
0.0,-2477175240.663074,147245136737.05505,-30631229.117158238,-36292.89312701934,11102.422504753536,-2203.8876844314645
0.0,-2185382640.431093,147159271607.90207,-13762038.38832844,-35719.58343730642,11764.580868084104,-2348.820384157552
0.0,-2461561361.670856,147240484161.99875,-29709735.231245525,-36287.28908213885,11110.740832241683,-2205.0835641687668
0.0,-2513333852.01798,147255928201.2024,-32772398.932104323,-36302.098393596316,11084.158346358567,-2201.358471429262
0.0,-2148815169.635284,147149331001.9213,-11998240.4600641,-34851.47898852545,12535.081828101025,-2604.6646700642086
0.0,-2637376595.440443,147292920886.9097,-40116582.25495078,-36328.62100400226,11025.284475387854,-2194.0638874064152
0.0,-2346426092.133658,147206276879.10025,-22947193.095619712,-36217.55443825057,11206.171412781388,-2220.8188396021787
0.0,-2099346040.6856692,147127780634.81708,-7530580.076569129,-37603.274480983724,11977.20353574244,-2429.2588625798567
0.0,-2671698160.1108313,147303159453.893,-42151300.727249615,-36334.39506938422,11012.304390443305,-2192.6839109241555
0.0,-2339816224.631924,147204316870.10495,-22559470.071024768,-36211.38600730809,11214.224215761751,-2222.280833322358
0.0,-2532569514.7910786,147261665719.91586,-33908231.46930095,-36306.285755595854,11073.792295660638,-2199.9695369265887
0.0,-2217884484.125021,147168560506.0355,-15544488.617485894,-35950.81202121259,11520.947635293294,-2287.183587096593
0.0,-2533739948.191461,147262014216.74884,-33978266.00320393,-36306.55001637569,11073.160841120338,-2199.884483667278
0.0,-2314492478.3329883,147196826655.9531,-21081468.2549683,-36183.93072096999,11249.363355079018,-2228.837052300744
0.0,-2058982568.2848372,147113786927.84406,-4721093.4038711665,-36809.17723983404,11336.053550180175,-2242.0849883072183
0.0,-2531608320.3581314,147261378204.66132,-33852292.14233521,-36306.0704369663,11074.310995308275,-2200.0369928112386
0.0,-2385412440.1509876,147217838961.8615,-25228683.99094561,-36247.832420834464,11165.708108971012,-2213.7678902371854
0.0,-2250967312.442935,147178168162.68207,-17417958.544214245,-36069.01038071571,11387.732906201687,-2257.056449759592
0.0,-2643193440.627995,147294660557.9119,-40461642.33747085,-36329.65192843823,11023.008937360473,-2193.814942948478
0.0,-2415042850.350204,147226637035.90686,-26967810.5832587,-36265.635445953645,11141.170108282711,-2209.7430605460595
0.0,-2176251718.6926355,147156727786.7084,-13286726.455163194,-35606.82587964994,11876.541395664564,-2379.9455035351334
0.0,-1980595508.799388,147088602241.72156,242227.59265824663,-36593.519082134364,11166.358968914526,-2201.079821043932
0.0,-2033559349.8332522,147105493132.43808,-3083673.422456135,-36696.13345174548,11244.45532377458,-2219.97977584117
0.0,-2097219309.7821422,147126974401.23453,-7362233.06992811,-37484.59614966442,11885.199780239207,-2398.2413086285837
0.0,-2471461186.135794,147243442026.0993,-30297908.550978087,-36290.95237552745,11105.380962387771,-2204.305449543905
0.0,-2468015347.987833,147242411607.4192,-30092296.286607776,-36289.72182833225,11107.206143287623,-2204.569262854769
0.0,-2456937005.579544,147239115745.03766,-29440402.662622713,-36285.445646534085,11113.367904580202,-2205.4659019380124
0.0,-2530491672.9161954,147261048066.23315,-33786637.26498459,-36305.81904471887,11074.914389279947,-2200.116926485899
0.0,-2489644329.195761,147248860401.14462,-31370247.219690938,-36296.59930489603,11096.202711129508,-2203.013949498038
0.0,-2100702578.1914032,147128295859.23636,-7638046.866278963,-37693.94560231342,12046.665366647667,-2453.757338169973
0.0,-2654392185.131828,147297997344.30045,-41123264.9353075,-36331.57782247855,11018.718135358531,-2193.356751582802
0.0,-2208928893.2711477,147165980872.21863,-15045414.917064287,-35903.83926402085,11572.081226905153,-2299.4290652494365
0.0,-2219584560.401205,147169048399.34894,-15638989.678720815,-35958.80008808948,11512.174130783751,-2285.1206301823863
0.0,-1967105410.456536,147084342022.0715,1080156.5573135766,-36578.748321404266,11156.134175450283,-2198.4553602017722
0.0,-1984472299.931025,147089827988.74097,-626.0011564051678,-36598.30694375722,11169.760528685387,-2201.9331568758867
0.0,-2152249574.050048,147150207960.48404,-12132881.613267196,-35014.49141182543,12405.682012161968,-2554.305608807649
0.0,-2348700719.68201,147206946103.93875,-23078476.67754164,-36219.60391599795,11203.489039754797,-2220.3389605222274
0.0,-1930981825.4257739,147072996190.87918,3306754.6712536085,-36549.57671528795,11137.565131347785,-2193.3409978861387
0.0,-2494930154.9919934,147250442486.13043,-31684416.82842558,-36297.961173726224,11093.58933370754,-2202.6501822607856
0.0,-2425827611.7149067,147229853295.5322,-27607116.35802029,-36271.27249132033,11133.299000585834,-2208.494345069572
0.0,-2173558246.343134,147155973265.95795,-13146642.707572728,-35566.477824677255,11915.771367530377,-2391.3030138791955
0.0,-2086824098.8609993,147123224357.71625,-6600672.097740476,-37138.720381832616,11607.488901752533,-2313.4578998710726
0.0,-2492484847.1700225,147249708386.98495,-31537273.708883308,-36297.3467261191,11094.798798191427,-2202.8209948849053
0.0,-2594578802.4994617,147280156796.21335,-37578959.15329921,-36320.28207878083,11043.163542222108,-2196.1090275169154
0.0,-2306960538.185734,147194613480.9997,-20646841.450962387,-36174.33106798789,11261.392488570002,-2231.1415813490235
0.0,-2740187992.367512,147323582391.11652,-46213954.414053254,-36343.95791040204,10988.986240227126,-2190.426844995342
0.0,-2405926046.8013344,147223928801.63788,-26434335.8082681,-36260.537491937015,11148.248199120926,-2210.877922420968
0.0,-2202060542.332685,147164015305.79434,-14668105.250079907,-35860.89408083088,11618.029228782272,-2310.7266242502915
0.0,-2158815819.9192567,147151950549.4891,-12424914.799252782,-35247.48114709945,12208.744095557275,-2483.7460280607083
0.0,-2395586353.7355504,147220863509.8677,-25828411.63525471,-36254.35753401774,11156.769494817838,-2212.2726996805077
0.0,-2129009398.3666916,147144737457.72897,-11726122.154557426,-32103.277807362523,13957.530302878027,-3587.5894940934454
0.0,-1943122812.5624359,147076803857.68063,2561145.4647719855,-36558.05421306326,11142.676801973907,-2194.81841488762
0.0,-2728245980.768948,147320017274.81763,-45504537.10297555,-36342.453716157586,10992.846790493726,-2190.779813308936
0.0,-2082751246.0685067,147121805656.5741,-6315036.713092251,-37058.56069343464,11541.668803041606,-2295.2028878601186
0.0,-2218196474.234403,147168645113.6319,-15562015.415970733,-35952.325595443,11519.313448796769,-2286.786525989861
0.0,-2047832769.6510236,147110127043.53116,-3998323.201043291,-36749.70064364445,11287.505398686691,-2230.288995582892
0.0,-2306745358.080461,147194549304.60443,-20635072.85356695,-36174.04696931975,11261.749113759455,-2231.207474761187
0.0,-2648490673.116195,147296234017.8236,-40774087.39771772,-36330.57462517328,11020.96647337072,-2193.5954146049176
0.0,-2197002852.377691,147162566916.81784,-14389635.14102856,-35824.478562347096,11656.48951664312,-2320.4350023468246
0.0,-1939469028.6466925,147075650088.36444,2788540.7051700926,-36555.379558848945,11141.036841924353,-2194.352853459305
0.0,-2613932933.564608,147285934593.32358,-38726354.53774181,-36324.21718175981,11034.807408479317,-2195.1334370766385
0.0,-2281357699.868898,147187065273.40756,-19161371.461405598,-36135.17641255552,11309.49507057206,-2240.6714272503245
0.0,-2129509909.1105804,147144836378.58142,-11706067.703796227,-32267.311567222216,13906.2256322496,-3522.7213305990995
0.0,-2211813672.316827,147166807227.4858,-15205959.272438973,-35919.98246609364,11554.631418912375,-2295.196807265169
0.0,-2433548157.737266,147232143866.61792,-28059990.81221284,-36275.081148365156,11127.974191931238,-2207.6664234677432
0.0,-2480181616.84078,147246038183.3227,-30811249.423442986,-36293.849285795564,11100.904252282538,-2203.670915803004
0.0,-2624896554.368387,147289201187.4426,-39376518.16796122,-36326.32640250085,11030.277886819238,-2194.618527255844
0.0,-2653870987.1168427,147297839999.44473,-41093618.31207576,-36331.48953297324,11018.91948806741,-2193.376822201525
0.0,-2224497816.700888,147170477818.4596,-15917371.10551516,-35980.34156957292,11488.291093936203,-2279.552617225746
0.0,-2437064466.223008,147233189071.77914,-28264616.110445194,-36276.75218072871,11125.630518063655,-2207.3115426334007
0.0,-2355634237.126479,147208998543.17746,-23482273.88733766,-36225.59592624975,11195.591359577002,-2218.933608666647
0.0,-2488376258.635031,147248485940.25604,-31295203.386259668,-36296.25237990995,11096.829038995747,-2203.102361300603
0.0,-2180065458.3965616,147157788789.89566,-13483440.034381468,-35658.02438917061,11826.182139530898,-2365.7355397904603
0.0,-2241314130.8804274,147175349969.82672,-16865712.839638274,-36041.14704812891,11419.815112065213,-2264.0759454658137
0.0,-2295253358.921363,147191162904.5204,-19967666.45475021,-36157.8220358785,11281.856946262678,-2235.1377850623808
0.0,-2370318821.8107386,147213360569.83743,-24346610.832767274,-36237.19903178221,11180.105902020614,-2216.2160960370416
0.0,-2511742954.9168963,147255448501.2082,-32675384.81780949,-36301.7628831754,11084.996619363203,-2201.4757690568813
0.0,-2618920191.594964,147287412808.9871,-39019839.164654545,-36325.19089360047,11032.729382893795,-2194.8973591239996
